label,text
Fungal Wilt,Several plants have yellowing foliage The plant is losing vigor.
Leaf Blight,Field inspection revealed dry patches spreading The problem is visible on the leaf margins.
Leaf Blight,The leaves or stems show large brown patches Plant growth is affected.
Fruit Borer,Several plants have early fruit dropping Plant growth is affected.
Stem Borer,The farmer reports larvae inside stems The affected main branches are showing damage.
Late Blight,The plants have started showing blackened foliage The affected stems are showing damage.
Fruit Borer,The crop shows webbing near fruit holes The affected fruits are showing damage.
Fusarium Wilt,The affected plants are showing one sided wilting Plant growth is affected.
Powdery Mildew,"After checking the field, I observed white fungal coating."
Late Blight,Several plants have brown lesions after wet weather.
Mosaic Virus,Recently the plants developed mosaic markings on young leaves The plant is losing vigor.
Damping Off,Recently the plants developed brown tissue around seedling bases The symptoms are visible across several plants.
Damping Off,"During inspection, I found young plants falling over Affected seedlings are becoming weak."
Leaf Curl,There are clear signs of distorted foliage The problem is visible on the plant tips.
Nutrient Deficiency,The crop appears to have uniform leaf discoloration Plant growth is affected.
Root Rot,The crop is developing mushy root tissue The affected root tips look unhealthy.
Downy Mildew,The crop is developing angular yellow spots The affected leaves look unhealthy.
Bacterial Wilt,The affected plants are showing plant remaining wilted after watering The problem is becoming more noticeable.
Stem Borer,Field inspection revealed broken stems around bore holes Farmers are concerned about the crop condition.
Nutrient Deficiency,"During inspection, I found poor leaf development The plant is losing vigor."
Leaf Blight,I noticed leaves becoming brittle in the field Plant growth is affected.
Sooty Mold,The plants have started showing sooty appearance on foliage The problem is visible on the leaves.
Mosaic Virus,Recently the plants developed patchy yellow patterns The problem is becoming more noticeable.
Rust,A noticeable problem is small orange fungal spots The problem is visible on the leaf surfaces.
Thrips Infestation,The main symptom is black specks on leaves The problem is visible on the buds.
Aphid Infestation,There is an increasing problem with small green insects on young leaves The affected young shoots look unhealthy.
Late Blight,The crop condition includes rapid leaf browning The affected leaves are showing damage.
Thrips Infestation,The plants have started showing damaged flower petals The problem is becoming more noticeable.
Bacterial Leaf Spot,The crop is developing leaf spots becoming larger The plant is losing vigor.
Aphid Infestation,The main symptom is ants around the plant The plant is losing vigor.
Stem Borer,The crop shows holes in stems.
Late Blight,Field inspection revealed blackened foliage The affected lower foliage are showing damage.
Root Rot,The crop is developing black roots Plant growth is affected.
Fungal Wilt,The leaves or stems show one side of the plant wilting The symptoms are visible across several plants.
Powdery Mildew,The affected plants are showing white spots spreading across leaves The affected stems look unhealthy.
Bacterial Leaf Spot,There is an increasing problem with wet looking lesions on foliage Farmers are concerned about the crop condition.
Whitefly Infestation,The affected plants are showing tiny white insects flying around leaves Leaves are becoming yellow.
Powdery Mildew,There are clear signs of white fungal coating Plant growth is affected.
Bacterial Leaf Spot,The crop appears to have multiple dark spots on leaves The affected young foliage are showing damage.
Nutrient Deficiency,I noticed poor leaf development in the field Overall plant vigor is reduced.
Rust,The affected crop has orange spots on leaves The affected leaves are showing damage.
Sooty Mold,The field currently has plants with black patches on leaf surfaces The problem is visible on the upper foliage.
Thrips Infestation,The affected crop has damaged flower petals The plant is losing vigor.
Aphid Infestation,The crop appears to have curled young leaves The plant is losing vigor.
Late Blight,There is an increasing problem with blackened foliage The problem is becoming more noticeable.
Sooty Mold,The field currently has plants with dark fungal layer on foliage The symptoms are visible across several plants.
Whitefly Infestation,"During inspection, I found sticky honeydew from insects The affected leaf undersides are showing damage."
Downy Mildew,There are clear signs of angular yellow spots The affected leaves look unhealthy.
Late Blight,The plants have started showing dark spots on stems Plant growth is affected.
Bacterial Leaf Spot,A noticeable problem is leaf spots becoming larger The plant is losing vigor.
Thrips Infestation,The crop appears to have brown feeding marks The symptoms are visible across several plants.
Whitefly Infestation,The farmer noticed small white flies rising when disturbed yesterday Plant growth is affected.
Leaf Blight,The crop condition includes dark lesions on foliage The problem is becoming more noticeable.
Powdery Mildew,The crop appears to have whitish coating on young shoots The affected young shoots are showing damage.
Fusarium Wilt,There is an increasing problem with persistent daytime wilt The affected vascular tissue look unhealthy.
Fungal Wilt,The affected crop has lower leaves turning yellow The symptoms are visible across several plants.
Downy Mildew,There are clear signs of yellowing foliage with gray growth The symptoms are visible across several plants.
Fruit Borer,The crop is developing damaged young fruits Farmers are concerned about the crop condition.
Stem Borer,A noticeable problem is hollow stems The problem is visible on the stems.
Fungal Wilt,The farmer noticed one side of the plant wilting yesterday Plant growth is affected.
Sooty Mold,"During inspection, I found dark fungal layer on foliage Plant growth is affected."
Whitefly Infestation,"After checking the field, I observed tiny white insects flying around leaves The affected leaf undersides look unhealthy."
Sooty Mold,The plants currently have gray black film on leaves The plant is losing vigor.
Root Rot,Field inspection revealed mushy root tissue The affected root tips are showing damage.
Whitefly Infestation,"During inspection, I found sticky leaves The symptoms are visible across several plants."
Damping Off,The affected crop has soft stems near the soil Plant growth is affected.
Stem Borer,The crop shows larvae inside stems Farmers are concerned about the crop condition.
Downy Mildew,"During inspection, I found irregular pale patches Farmers are concerned about the crop condition."
Damping Off,Recently the plants developed soft stems near the soil The problem is becoming more noticeable.
Fungal Wilt,The plants currently have drooping leaves The problem is becoming more noticeable.
Late Blight,Many plants in the field show dark spots on stems The problem is becoming more noticeable.
Downy Mildew,I noticed pale yellow leaf lesions in the field.
Downy Mildew,The plants have started showing moist fungal growth The plant is losing vigor.
Downy Mildew,The crop appears to have gray fungal growth under leaves Farmers are concerned about the crop condition.
Root Rot,Field inspection revealed roots turning brown.
Whitefly Infestation,I can see white insects under leaves on the crop The affected leaf undersides look unhealthy.
Damping Off,I can see young seedlings suddenly dying on the crop The problem is visible on the seedlings.
Fusarium Wilt,Recently the plants developed leaf curling with wilt Affected branches become weak.
Downy Mildew,The field currently has plants with irregular pale patches The affected leaf undersides are showing damage.
Leaf Blight,The crop appears to have irregular brown lesions The problem is visible on the leaves.
Root Rot,I noticed dark damaged roots in the field The affected underground roots look unhealthy.
Mosaic Virus,The crop is developing mottled foliage The affected plant tips look unhealthy.
Fusarium Wilt,There is an increasing problem with leaf curling with wilt The problem is visible on the lower leaves.
Stem Borer,I can see wilting central shoots on the crop The symptoms are visible across several plants.
Rust,The field currently has plants with rust colored dust The plant is losing vigor.
Leaf Curl,The leaves or stems show curled leaf margins Plant growth is affected.
Nutrient Deficiency,A noticeable problem is yellowing between leaf veins Plant growth is affected.
Root Rot,I can see bad smell from roots on the crop The affected plant base are showing damage.
Aphid Infestation,The farmer reports yellowing leaves The problem is visible on the leaves.
Whitefly Infestation,The crop shows white insects clustered beneath foliage The affected young foliage are showing damage.
Aphid Infestation,The plants are showing yellowing leaves The affected foliage is becoming weak.
Late Blight,A noticeable problem is dark spots on stems The affected leaves look unhealthy.
Rust,The plants are showing reddish brown spots The plant is losing vigor.
Aphid Infestation,The farmer noticed sticky honeydew on foliage yesterday The affected young shoots are showing damage.
Late Blight,The leaves or stems show rotting leaves The problem is becoming more noticeable.
Whitefly Infestation,"During inspection, I found sticky honeydew from insects The problem is visible on the young foliage."
Bacterial Wilt,A noticeable problem is sudden wilting of the plant The affected branches look unhealthy.
Thrips Infestation,Many plants in the field show black specks on leaves The problem is visible on the leaves.
Thrips Infestation,The crop is developing black specks on leaves Affected foliage is becoming weak.
Root Rot,The field currently has plants with bad smell from roots The affected roots are showing damage.
Leaf Blight,The leaves or stems show brown spots on leaves The problem is visible on the leaf tips.
Stem Borer,The plants currently have wilting central shoots The affected central shoots look unhealthy.
Thrips Infestation,The affected crop has distorted new growth The affected leaves look unhealthy.
Mosaic Virus,The plants have started showing mottled foliage.
Fusarium Wilt,Field inspection revealed stem discoloration The symptoms are visible across several plants.
Sooty Mold,The crop shows black patches on leaf surfaces The plant is losing vigor.
Fruit Borer,The plants have started showing frass near fruit openings The symptoms are visible across several plants.
Root Rot,The plants are showing poor root development The problem is visible on the underground roots.
Aphid Infestation,The main symptom is soft bodied insects under leaves New leaves look distorted.
Damping Off,The farmer reports seedlings dying soon after emergence The affected plant base are showing damage.
Leaf Curl,The affected plants are showing new growth becoming twisted Plant growth is affected.
Bacterial Wilt,The leaves or stems show green leaves drooping rapidly Plant growth is affected.
Bacterial Leaf Spot,Several plants have irregular spots spreading across leaves The plant is losing vigor.
Powdery Mildew,The main symptom is white fungal patches on upper leaves The problem is becoming more noticeable.
Bacterial Wilt,A noticeable problem is branches becoming limp Wilting is spreading quickly.
Late Blight,The field currently has plants with large dark lesions on leaves Leaves are dying quickly.
Whitefly Infestation,The plants currently have leaf yellowing with whiteflies The plant is losing vigor.
Aphid Infestation,A noticeable problem is soft bodied insects under leaves The symptoms are visible across several plants.
Downy Mildew,"During inspection, I found grayish coating on leaf undersides The affected leaf undersides are showing damage."
Fungal Wilt,The field currently has plants with one side of the plant wilting The problem is visible on the leaves.
Mosaic Virus,The crop condition includes yellow green leaf markings Farmers are concerned about the crop condition.
Downy Mildew,Many plants in the field show angular yellow spots Farmers are concerned about the crop condition.
Sooty Mold,Several plants have dark mold covering plant surfaces The problem is becoming more noticeable.
Stem Borer,The plants currently have frass coming from stem openings Farmers are concerned about the crop condition.
Bacterial Leaf Spot,The affected crop has small water soaked spots on leaves The affected leaves look unhealthy.
Fusarium Wilt,The leaves or stems show persistent daytime wilt The affected stems are showing damage.
Leaf Blight,The crop shows dead tissue on foliage.
Root Rot,The crop condition includes bad smell from roots The problem is visible on the underground roots.
Thrips Infestation,I noticed distorted new growth in the field Plant growth is slowing.
Powdery Mildew,Several plants have white spots spreading across leaves.
Fungal Wilt,The crop shows brown discoloration inside stems The problem is visible on the branches.
Leaf Curl,The leaves or stems show new growth becoming twisted The problem is becoming more noticeable.
Downy Mildew,The leaves or stems show grayish coating on leaf undersides Plant growth is affected.
Bacterial Wilt,The field currently has plants with plant remaining wilted after watering The problem is becoming more noticeable.
Bacterial Leaf Spot,The crop is developing small water soaked spots on leaves The problem is visible on the leaf margins.
Root Rot,The leaves or stems show black roots Affected plants may die.
Nutrient Deficiency,"After checking the field, I observed uniform leaf discoloration The affected leaves look unhealthy."
Thrips Infestation,The main symptom is leaf curling with insects Plant growth is affected.
Thrips Infestation,Recently the plants developed brown feeding marks Plant growth is affected.
Mosaic Virus,The main symptom is patchy yellow patterns The affected new shoots are showing damage.
Leaf Blight,Many plants in the field show dark lesions on foliage.
Rust,The crop condition includes yellow orange pustules Infected leaves are becoming weak.
Rust,The crop is developing reddish brown spots Farmers are concerned about the crop condition.
Powdery Mildew,The plants are showing white fungal coating The affected leaves look unhealthy.
Bacterial Wilt,"After checking the field, I observed branches becoming limp The plant is losing vigor."
Stem Borer,The farmer noticed dead central shoot yesterday.
Bacterial Leaf Spot,The crop is developing brown patches surrounded by yellow tissue Plant growth is affected.
Thrips Infestation,"During inspection, I found black specks on leaves The symptoms are visible across several plants."
Bacterial Wilt,The crop appears to have vascular discoloration inside stems The plant is losing vigor.
Whitefly Infestation,"After checking the field, I observed cloud of white insects The affected leaves look unhealthy."
Whitefly Infestation,The crop appears to have small white flies rising when disturbed Farmers are concerned about the crop condition.
Damping Off,"During inspection, I found seedlings collapsing The plant is losing vigor."
Leaf Blight,The crop shows dry patches spreading Farmers are concerned about the crop condition.
Fungal Wilt,Several plants have stem tissue becoming brown The plant is losing vigor.
Fungal Wilt,There is an increasing problem with yellowing foliage.
Late Blight,The crop condition includes blackened foliage The problem is visible on the leaves.
Fungal Wilt,The plants are showing leaves wilting gradually The plant is slowly declining.
Fusarium Wilt,"After checking the field, I observed slow decline of the plant."
Sooty Mold,Several plants have dark coating around honeydew The affected stems are showing damage.
Late Blight,The crop appears to have brown lesions after wet weather The problem is visible on the fruits.
Leaf Blight,Field inspection revealed dark lesions on foliage The problem is becoming more noticeable.
Sooty Mold,"After checking the field, I observed black growth on stems Foliage looks black and dirty."
Leaf Blight,The crop condition includes dead tissue on foliage Plant growth is affected.
Leaf Blight,I can see leaves becoming brittle on the crop The symptoms are visible across several plants.
Aphid Infestation,The affected plants are showing sticky residue on stems Farmers are concerned about the crop condition.
Nutrient Deficiency,The leaves or stems show yellow leaves The affected leaves look unhealthy.
Thrips Infestation,A noticeable problem is leaf curling with insects.
Fruit Borer,Several plants have early fruit dropping The problem is visible on the fruits.
Leaf Curl,There are clear signs of young leaves becoming curled The symptoms are visible across several plants.
Damping Off,The plants have started showing weak stems in young plants The symptoms are visible across several plants.
Bacterial Leaf Spot,Several plants have wet looking lesions on foliage Farmers are concerned about the crop condition.
Leaf Blight,The farmer reports leaf edges turning brown Farmers are concerned about the crop condition.
Thrips Infestation,The field currently has plants with leaf curling with insects The problem is becoming more noticeable.
Late Blight,The plants currently have white fungal growth during humid weather Infected plant parts are turning dark.
Root Rot,The crop is developing poor root development The affected plant base look unhealthy.
Downy Mildew,The plants currently have angular yellow spots Plant growth is affected.
Sooty Mold,There are clear signs of dark coating around honeydew The affected stems are showing damage.
Fungal Wilt,The crop appears to have lower leaves turning yellow The problem is becoming more noticeable.
Stem Borer,The farmer reports frass coming from stem openings.
Leaf Curl,Several plants have abnormally curled plant tips The problem is visible on the plant tips.
Fusarium Wilt,The leaves or stems show leaf curling with wilt.
Leaf Curl,Recently the plants developed twisted shoots The problem is visible on the leaf margins.
Powdery Mildew,The plants currently have white spots spreading across leaves The plant is losing vigor.
Leaf Blight,The affected crop has dark lesions on foliage Photosynthesis appears reduced.
Leaf Blight,The crop condition includes leaves becoming brittle The affected lower foliage are showing damage.
Rust,The crop condition includes rust colored dust Plant growth is affected.
Damping Off,The plants are showing rotting seedling bases Plant growth is affected.
Downy Mildew,The farmer noticed angular yellow spots yesterday The symptoms are visible across several plants.
Whitefly Infestation,The plants are showing white insects clustered beneath foliage The affected stems are showing damage.
Aphid Infestation,The farmer noticed soft bodied insects under leaves yesterday The plant is losing vigor.
Fruit Borer,The leaves or stems show dark entry holes The affected fruit pulp look unhealthy.
Thrips Infestation,The farmer reports silver streaks on leaves Affected foliage is becoming weak.
Rust,The farmer noticed orange powder under leaves yesterday The affected lower foliage look unhealthy.
Fusarium Wilt,The field currently has plants with stem discoloration Plant growth is affected.
Stem Borer,Field inspection revealed yellowing above damaged stems The affected plant stalks are showing damage.
Stem Borer,The leaves or stems show sawdust near stem holes The problem is becoming more noticeable.
Sooty Mold,There are clear signs of dark fungal layer on foliage The plant is losing vigor.
Thrips Infestation,I can see rough feeding scars on the crop The problem is visible on the young shoots.
Sooty Mold,The plants have started showing gray black film on leaves The problem is becoming more noticeable.
Fungal Wilt,There are clear signs of slow plant decline Farmers are concerned about the crop condition.
Fruit Borer,The crop appears to have damaged young fruits The symptoms are visible across several plants.
Mosaic Virus,Field inspection revealed light and dark green patches New leaves are distorted.
Aphid Infestation,"During inspection, I found yellowing leaves."
Root Rot,"During inspection, I found plant wilting despite watering The plant is losing vigor."
Fungal Wilt,The crop shows leaves wilting gradually The affected leaves look unhealthy.
Rust,The plants are showing brown rust marks.
Powdery Mildew,The crop shows powdery patches on foliage The symptoms are visible across several plants.
Whitefly Infestation,"During inspection, I found cloud of white insects The plant is losing vigor."
Nutrient Deficiency,A noticeable problem is weak stems The symptoms are visible across several plants.
Whitefly Infestation,Several plants have whitefly nymphs on leaf undersides Sticky honeydew is appearing.
Powdery Mildew,The plants have started showing dusty layer on leaves.
Damping Off,Field inspection revealed young seedlings suddenly dying The symptoms are visible across several plants.
Leaf Blight,Field inspection revealed irregular brown lesions.
Powdery Mildew,"During inspection, I found flour like growth on leaves The symptoms are visible across several plants."
Rust,"After checking the field, I observed reddish lesions The problem is becoming more noticeable."
Sooty Mold,Many plants in the field show dark coating around honeydew Farmers are concerned about the crop condition.
Bacterial Wilt,The farmer reports sudden wilting of the plant The affected stems look unhealthy.
Aphid Infestation,The crop shows distorted new growth The affected stems are showing damage.
Fusarium Wilt,I noticed brown streaks inside stems in the field The affected whole plant look unhealthy.
Damping Off,The crop appears to have brown tissue around seedling bases The affected seedling roots look unhealthy.
Nutrient Deficiency,The crop appears to have older leaves turning yellow The problem is visible on the young leaves.
Late Blight,Field inspection revealed brown lesions after wet weather The problem is becoming more noticeable.
Bacterial Leaf Spot,I can see dark brown spots on foliage on the crop The affected leaves are showing damage.
Rust,The farmer reports rusty patches on foliage Farmers are concerned about the crop condition.
Stem Borer,There is an increasing problem with dead central shoot The affected stems are showing damage.
Downy Mildew,The farmer reports pale yellow leaf lesions The symptoms are visible across several plants.
Downy Mildew,I noticed pale yellow leaf lesions in the field The plant is losing vigor.
Sooty Mold,"During inspection, I found black coating on leaves The affected leaves are showing damage."
Downy Mildew,The field currently has plants with angular yellow spots Plant growth is affected.
Thrips Infestation,The crop shows black specks on leaves Plant growth is affected.
Powdery Mildew,The affected plants are showing powder like substance on foliage Farmers are concerned about the crop condition.
Whitefly Infestation,The farmer noticed leaf yellowing with whiteflies yesterday.
Fruit Borer,There is an increasing problem with webbing near fruit holes The symptoms are visible across several plants.
Fusarium Wilt,Recently the plants developed lower leaves becoming yellow The problem is visible on the vascular tissue.
Late Blight,The plants have started showing water soaked leaf patches The disease is spreading rapidly.
Nutrient Deficiency,Recently the plants developed slow plant growth Plant growth is affected.
Aphid Infestation,The plants are showing soft bodied insects under leaves Plant growth is affected.
Bacterial Wilt,I can see rapid plant collapse on the crop The plant does not recover after watering.
Thrips Infestation,There is an increasing problem with silvery patches on foliage Plant growth is affected.
Mosaic Virus,There is an increasing problem with patchy yellow patterns Farmers are concerned about the crop condition.
Whitefly Infestation,I noticed small white insects on plant leaves in the field The affected leaves look unhealthy.
Fungal Wilt,Field inspection revealed brown discoloration inside stems The affected branches are showing damage.
Stem Borer,There is an increasing problem with insect tunnels inside stems The symptoms are visible across several plants.
Late Blight,The crop appears to have brown lesions after wet weather The problem is becoming more noticeable.
Rust,There is an increasing problem with small orange fungal spots The problem is visible on the lower foliage.
Mosaic Virus,The crop is developing yellow green leaf markings The problem is becoming more noticeable.
Rust,The crop is developing rusty patches on foliage The affected lower foliage are showing damage.
Mosaic Virus,The main symptom is yellow green leaf markings.
Sooty Mold,Field inspection revealed black growth on stems Affected leaves have reduced photosynthesis.
Powdery Mildew,The field currently has plants with white growth on stems Plant growth is affected.
Bacterial Wilt,The leaves or stems show rapid plant collapse The crop is losing vigor.
Root Rot,The crop appears to have soft rotten roots The symptoms are visible across several plants.
Damping Off,Many plants in the field show soft stems near the soil Farmers are concerned about the crop condition.
Root Rot,"After checking the field, I observed black roots Farmers are concerned about the crop condition."
Fungal Wilt,The crop shows lower leaves turning yellow The plant is slowly declining.
Root Rot,I can see poor root development on the crop The plant is losing vigor.
Leaf Curl,"After checking the field, I observed twisted shoots The problem is becoming more noticeable."
Stem Borer,The farmer reports insect tunnels inside stems The affected plant stalks look unhealthy.
Mosaic Virus,The crop shows mosaic pattern on leaves The plant is losing vigor.
Aphid Infestation,Several plants have soft bodied insects under leaves The problem is becoming more noticeable.
Leaf Curl,I noticed new growth becoming twisted in the field The affected young leaves are showing damage.
Sooty Mold,The crop shows black coating on leaves Plant growth is affected.
Fusarium Wilt,There is an increasing problem with stem discoloration Plant growth becomes stunted.
Bacterial Leaf Spot,The affected plants are showing brown patches surrounded by yellow tissue The plant is losing vigor.
Stem Borer,I noticed hollow stems in the field Stems become weak.
Nutrient Deficiency,"During inspection, I found yellow leaves."
Leaf Blight,The crop appears to have dark lesions on foliage The symptoms are visible across several plants.
Aphid Infestation,A noticeable problem is sticky honeydew on foliage The symptoms are visible across several plants.
Nutrient Deficiency,The farmer reports poor leaf development Plant growth is slower than expected.
Nutrient Deficiency,The plants are showing young leaves remaining pale The symptoms are visible across several plants.
Root Rot,The leaves or stems show plant easily pulling from soil The affected root tips look unhealthy.
Aphid Infestation,The crop condition includes ants around the plant The problem is becoming more noticeable.
Stem Borer,"During inspection, I found frass coming from stem openings Farmers are concerned about the crop condition."
Leaf Blight,The plants are showing leaves becoming brittle The problem is becoming more noticeable.
Fruit Borer,I noticed insect larvae inside fruits in the field The problem is becoming more noticeable.
Damping Off,Recently the plants developed seedlings collapsing The problem is becoming more noticeable.
Downy Mildew,The main symptom is grayish coating on leaf undersides The affected lower leaves are showing damage.
Fusarium Wilt,There are clear signs of yellowing of older leaves Farmers are concerned about the crop condition.
Rust,The affected plants are showing orange powder under leaves The plant is losing vigor.
Fusarium Wilt,The main symptom is persistent daytime wilt The affected stems look unhealthy.
Leaf Curl,The crop shows twisted shoots.
Fruit Borer,Several plants have rotting around insect holes The affected fruit surface are showing damage.
Mosaic Virus,Recently the plants developed mottled foliage The problem is visible on the young foliage.
Sooty Mold,The plants are showing dark fungal layer on foliage The plant is losing vigor.
Stem Borer,The main symptom is yellowing above damaged stems The plant is losing vigor.
Powdery Mildew,The crop condition includes whitish coating on young shoots Affected leaves are becoming weak.
Leaf Curl,Field inspection revealed leaves rolling inward The problem is becoming more noticeable.
Bacterial Leaf Spot,I noticed wet looking lesions on foliage in the field.
Thrips Infestation,The leaves or stems show distorted new growth The problem is becoming more noticeable.
Damping Off,The affected crop has weak stems in young plants The plant is losing vigor.
Thrips Infestation,The farmer noticed black specks on leaves yesterday The problem is visible on the buds.
Rust,The plants have started showing rust colored dust The affected leaf surfaces are showing damage.
Stem Borer,Many plants in the field show frass coming from stem openings The problem is becoming more noticeable.
Nutrient Deficiency,"During inspection, I found poor leaf development The affected young leaves look unhealthy."
Nutrient Deficiency,I can see weak stems on the crop Plant growth is affected.
Root Rot,The farmer noticed dark damaged roots yesterday The crop is losing vigor.
Powdery Mildew,The crop is developing white fungal patches on upper leaves New shoots are becoming affected.
Stem Borer,The leaves or stems show holes in stems The affected central shoots look unhealthy.
Fungal Wilt,Several plants have plant becoming weak Wilting is becoming more severe.
Sooty Mold,The crop shows black patches on leaf surfaces.
Fungal Wilt,Several plants have plant becoming weak The problem is visible on the leaves.
Root Rot,Recently the plants developed black roots The problem is becoming more noticeable.
Root Rot,Several plants have soft rotten roots.
Bacterial Wilt,The crop shows plant remaining wilted after watering The problem is visible on the stems.
Bacterial Leaf Spot,The crop condition includes brown patches surrounded by yellow tissue The affected leaf margins are showing damage.
Leaf Blight,"After checking the field, I observed dark lesions on foliage The problem is becoming more noticeable."
Leaf Curl,The plants are showing new growth becoming twisted Plant growth is affected.
Whitefly Infestation,The farmer reports white insects under leaves The affected young foliage look unhealthy.
Leaf Blight,"After checking the field, I observed leaves becoming brittle Plant growth is affected."
Stem Borer,Field inspection revealed yellowing above damaged stems.
Downy Mildew,The plants currently have yellow patches on leaves.
Damping Off,The affected plants are showing seedlings collapsing The problem is becoming more noticeable.
Nutrient Deficiency,Several plants have uniform leaf discoloration The plant is losing vigor.
Downy Mildew,The crop shows moist fungal growth Plant growth is slowing.
Downy Mildew,The farmer noticed yellowing foliage with gray growth yesterday The affected leaf undersides are showing damage.
Powdery Mildew,The crop condition includes white spots spreading across leaves Plant growth is affected.
Damping Off,A noticeable problem is dark lesions near the soil line The problem is visible on the seedlings.
Bacterial Leaf Spot,The plants currently have multiple dark spots on leaves The problem is visible on the lower leaves.
Downy Mildew,The crop is developing moist fungal growth The problem is becoming more noticeable.
Downy Mildew,The plants are showing irregular pale patches The affected lower leaves are showing damage.
Powdery Mildew,Several plants have white growth on stems Farmers are concerned about the crop condition.
Downy Mildew,Many plants in the field show irregular pale patches The affected lower leaves are showing damage.
Fungal Wilt,Field inspection revealed persistent wilting The affected stems are showing damage.
Leaf Blight,There is an increasing problem with dark lesions on foliage The problem is visible on the leaf tips.
Rust,"After checking the field, I observed small orange fungal spots Plant growth is affected."
Thrips Infestation,There is an increasing problem with black specks on leaves The problem is becoming more noticeable.
Fusarium Wilt,The crop is developing brown vascular tissue The symptoms are visible across several plants.
Powdery Mildew,"After checking the field, I observed white fungal coating Plant growth is affected."
Powdery Mildew,Several plants have white powder on leaves.
Damping Off,The plants have started showing water soaked seedling stems The symptoms are visible across several plants.
Bacterial Wilt,There is an increasing problem with branches becoming limp The problem is visible on the whole plant.
Root Rot,The plants currently have dark damaged roots The affected plant base are showing damage.
Leaf Blight,The affected plants are showing drying leaf tips The problem is visible on the leaf tips.
Nutrient Deficiency,The affected plants are showing slow plant growth The problem is visible on the leaves.
Bacterial Wilt,Many plants in the field show leaves wilting without obvious dryness The symptoms are visible across several plants.
Rust,The crop appears to have rust colored pustules.
Thrips Infestation,I noticed tiny insects on flowers in the field Farmers are concerned about the crop condition.
Nutrient Deficiency,Many plants in the field show young leaves remaining pale The plant is losing vigor.
Aphid Infestation,The affected plants are showing tiny insects clustered around shoots Farmers are concerned about the crop condition.
Rust,The farmer reports rusty patches on foliage The affected lower foliage are showing damage.
Stem Borer,I noticed larvae inside stems in the field The plant is losing vigor.
Fusarium Wilt,A noticeable problem is one sided wilting The symptoms are visible across several plants.
Fruit Borer,The farmer reports damaged young fruits The problem is visible on the fruit surface.
Whitefly Infestation,A noticeable problem is small white insects on plant leaves The problem is becoming more noticeable.
Fungal Wilt,The plants have started showing leaves wilting gradually The plant is losing vigor.
Downy Mildew,The crop is developing yellow patches on leaves The problem is becoming more noticeable.
Fusarium Wilt,The crop shows leaf curling with wilt The problem is becoming more noticeable.
Powdery Mildew,There are clear signs of white growth on stems Infected foliage is losing its normal color.
Bacterial Leaf Spot,The field currently has plants with tiny dark lesions on young leaves Affected leaves are starting to fall.
Fruit Borer,The field currently has plants with early fruit dropping The symptoms are visible across several plants.
Mosaic Virus,The crop appears to have patchy yellow patterns Farmers are concerned about the crop condition.
Powdery Mildew,The affected plants are showing flour like growth on leaves The affected young shoots look unhealthy.
Bacterial Leaf Spot,I noticed multiple dark spots on leaves in the field Affected leaves are starting to fall.
Bacterial Leaf Spot,The farmer noticed wet looking lesions on foliage yesterday The symptoms are visible across several plants.
Rust,I noticed brown rust marks in the field Plant growth is affected.
Fruit Borer,The crop condition includes caterpillar inside the fruit Plant growth is affected.
Root Rot,The plants currently have soft rotten roots The crop is losing vigor.
Fungal Wilt,The crop shows drooping leaves The plant is slowly declining.
Thrips Infestation,The farmer reports silvery patches on foliage Plant growth is affected.
Stem Borer,The farmer reports frass coming from stem openings The central shoot is dying.
Powdery Mildew,I noticed white powder on leaves in the field The affected upper foliage are showing damage.
Leaf Curl,The plants currently have new growth becoming twisted The affected new shoots look unhealthy.
Thrips Infestation,The affected plants are showing silvery patches on foliage The plant is losing vigor.
Bacterial Wilt,Recently the plants developed leaves wilting without obvious dryness The symptoms are visible across several plants.
Fungal Wilt,A noticeable problem is plant becoming weak Wilting is becoming more severe.
Bacterial Wilt,Field inspection revealed green leaves drooping rapidly The affected leaves are showing damage.
Fusarium Wilt,The farmer reports brown streaks inside stems The affected vascular tissue are showing damage.
Damping Off,I noticed young seedlings suddenly dying in the field.
Fungal Wilt,The main symptom is slow plant decline Farmers are concerned about the crop condition.
Fruit Borer,Several plants have frass near fruit openings Fruits are becoming damaged.
Mosaic Virus,The plants are showing mosaic markings on young leaves Plant growth is affected.
Sooty Mold,The farmer noticed gray black film on leaves yesterday The coating is spreading.
Fusarium Wilt,The crop condition includes brown vascular tissue Older leaves begin to die.
Mosaic Virus,The affected plants are showing yellow green leaf markings The symptoms are visible across several plants.
Fruit Borer,The farmer noticed fruit pulp being eaten yesterday Fruits are becoming damaged.
Rust,The affected plants are showing rusty patches on foliage The affected leaf undersides look unhealthy.
Leaf Blight,There is an increasing problem with leaves becoming brittle The affected leaf margins look unhealthy.
Bacterial Wilt,There is an increasing problem with stem discoloration The symptoms are visible across several plants.
Bacterial Leaf Spot,Recently the plants developed dark brown spots on foliage Infected leaves are drying.
Nutrient Deficiency,The plants currently have pale green foliage The problem is becoming more noticeable.
Leaf Curl,The crop shows abnormally curled plant tips Farmers are concerned about the crop condition.
Whitefly Infestation,There is an increasing problem with small white flies rising when disturbed Leaves are becoming yellow.
Leaf Curl,The field currently has plants with curled leaf margins The plant is losing vigor.
Downy Mildew,Field inspection revealed grayish coating on leaf undersides Plant growth is affected.
Sooty Mold,I noticed black growth on stems in the field The problem is visible on the stems.
Thrips Infestation,The crop shows leaf curling with insects The plant is losing vigor.
Late Blight,There are clear signs of brown lesions spreading quickly The problem is becoming more noticeable.
Leaf Curl,The leaves or stems show leaves folding along the edges Plant development is slowing.
Rust,The crop is developing yellow orange pustules The problem is visible on the leaf surfaces.
Damping Off,The main symptom is seedlings dying soon after emergence.
Late Blight,There is an increasing problem with rotting leaves The symptoms are visible across several plants.
Late Blight,There is an increasing problem with dark spots on stems The plant is losing vigor.
Bacterial Leaf Spot,"During inspection, I found brown patches surrounded by yellow tissue The symptoms are visible across several plants."
Late Blight,A noticeable problem is white fungal growth during humid weather Plant growth is affected.
Bacterial Leaf Spot,The farmer noticed multiple dark spots on leaves yesterday.
Fusarium Wilt,The field currently has plants with yellowing of older leaves The symptoms are visible across several plants.
Fusarium Wilt,A noticeable problem is yellowing of older leaves Plant growth is affected.
Stem Borer,The plants are showing broken stems around bore holes Plant growth is affected.
Root Rot,The crop shows bad smell from roots The problem is becoming more noticeable.
Fusarium Wilt,Field inspection revealed yellowing of older leaves The problem is visible on the whole plant.
Stem Borer,The farmer noticed insect tunnels inside stems yesterday The problem is becoming more noticeable.
Sooty Mold,The main symptom is sooty appearance on foliage The symptoms are visible across several plants.
Fusarium Wilt,There are clear signs of brown streaks inside stems The affected stems are showing damage.
Fungal Wilt,The plants are showing plant becoming weak The plant is losing vigor.
Rust,A noticeable problem is yellow orange pustules The affected leaves look unhealthy.
Powdery Mildew,A noticeable problem is whitish coating on young shoots The plant is losing vigor.
Nutrient Deficiency,The farmer noticed pale green foliage yesterday.
Root Rot,I can see plant easily pulling from soil on the crop Plant growth is affected.
Stem Borer,A noticeable problem is wilting central shoots Farmers are concerned about the crop condition.
Fusarium Wilt,The crop appears to have lower leaves becoming yellow The plant gradually loses vigor.
Whitefly Infestation,Several plants have small white insects on plant leaves The problem is becoming more noticeable.
Fungal Wilt,Recently the plants developed slow plant decline Affected branches are dying.
Powdery Mildew,The farmer reports powder like substance on foliage The affected leaves are showing damage.
Aphid Infestation,Field inspection revealed sticky residue on stems The affected young shoots are showing damage.
Mosaic Virus,The main symptom is distorted leaves Plant growth is affected.
Sooty Mold,A noticeable problem is dark fungal layer on foliage The plant is losing vigor.
Mosaic Virus,I can see distorted leaves on the crop The affected plant tips are showing damage.
Nutrient Deficiency,The affected plants are showing pale green foliage The affected young leaves look unhealthy.
Fruit Borer,The farmer noticed rotting around insect holes yesterday.
Thrips Infestation,The plants are showing scarring on young leaves The problem is becoming more noticeable.
Bacterial Leaf Spot,The affected plants are showing wet looking lesions on foliage The affected leaf margins are showing damage.
Aphid Infestation,I noticed tiny insects clustered around shoots in the field Young shoots are not developing normally.
Mosaic Virus,The field currently has plants with patchy yellow patterns The affected young foliage look unhealthy.
Damping Off,The field currently has plants with seedlings collapsing The affected seedling roots look unhealthy.
Rust,There are clear signs of rust colored pustules Affected leaves may dry.
Fungal Wilt,The plants are showing yellowing foliage The affected stems are showing damage.
Powdery Mildew,The plants are showing white powder on leaves The affected upper foliage are showing damage.
Fruit Borer,The field currently has plants with frass near fruit openings The problem is visible on the fruit surface.
Leaf Curl,There is an increasing problem with narrow distorted leaves The plant is losing vigor.
Thrips Infestation,The crop is developing distorted new growth The plant is losing vigor.
Downy Mildew,The crop condition includes fuzzy growth beneath foliage The problem is visible on the lower leaves.
Sooty Mold,The crop shows black coating on leaves The problem is becoming more noticeable.
Stem Borer,I noticed hollow stems in the field The problem is visible on the stems.
Whitefly Infestation,"After checking the field, I observed tiny white insects flying around leaves Plant growth is affected."
Root Rot,The crop appears to have mushy root tissue The affected root tips look unhealthy.
Sooty Mold,The crop condition includes black patches on leaf surfaces.
Late Blight,The plants are showing rapid leaf browning.
Fungal Wilt,The plants currently have yellowing foliage The symptoms are visible across several plants.
Thrips Infestation,The farmer reports black specks on leaves Affected foliage is becoming weak.
Thrips Infestation,The plants have started showing silvery patches on foliage.
Stem Borer,The crop shows holes in stems The symptoms are visible across several plants.
Leaf Blight,"During inspection, I found large brown patches The affected leaf tips are showing damage."
Whitefly Infestation,The farmer noticed cloud of white insects yesterday The problem is becoming more noticeable.
Fungal Wilt,The leaves or stems show slow plant decline The problem is becoming more noticeable.
Sooty Mold,There is an increasing problem with sooty appearance on foliage The problem is visible on the upper foliage.
Downy Mildew,The main symptom is fuzzy growth beneath foliage The affected young foliage look unhealthy.
Leaf Blight,The affected crop has dry patches spreading The plant is losing vigor.
Thrips Infestation,The plants have started showing silvery patches on foliage The problem is visible on the buds.
Aphid Infestation,The plants currently have sticky honeydew on foliage Farmers are concerned about the crop condition.
Leaf Curl,Many plants in the field show leaves rolling inward The problem is becoming more noticeable.
Rust,Several plants have rust colored dust Rust spots are spreading.
Fungal Wilt,The plants currently have lower leaves turning yellow The plant is losing vigor.
Stem Borer,A noticeable problem is holes in stems Farmers are concerned about the crop condition.
Downy Mildew,The farmer reports angular yellow spots The problem is visible on the leaves.
Rust,The field currently has plants with reddish lesions Farmers are concerned about the crop condition.
Fusarium Wilt,The affected crop has brown vascular tissue Wilting continues even after irrigation.
Whitefly Infestation,The affected plants are showing tiny white insects flying around leaves Insect numbers are increasing.
Aphid Infestation,Several plants have small green insects on young leaves The affected young shoots look unhealthy.
Late Blight,The farmer noticed brown lesions after wet weather yesterday Farmers are concerned about the crop condition.
Leaf Curl,Several plants have leaves rolling inward The symptoms are visible across several plants.
Late Blight,The affected plants are showing brown lesions after wet weather.
Aphid Infestation,The plants are showing sticky honeydew on foliage The affected stems are showing damage.
Aphid Infestation,The crop condition includes yellowing leaves The affected leaves look unhealthy.
Fungal Wilt,The leaves or stems show stem tissue becoming brown Plant growth is affected.
Root Rot,The affected crop has black roots The affected root tips look unhealthy.
Aphid Infestation,A noticeable problem is yellowing leaves The symptoms are visible across several plants.
Stem Borer,The field currently has plants with dead central shoot Farmers are concerned about the crop condition.
Fusarium Wilt,The plants currently have gradual plant wilting Plant growth is affected.
Mosaic Virus,The farmer reports yellow green leaf markings The affected leaves are showing damage.
Damping Off,The farmer noticed brown tissue around seedling bases yesterday Farmers are concerned about the crop condition.
Late Blight,The plants have started showing dark patches with pale edges.
Leaf Blight,The farmer noticed brown spots on leaves yesterday Plant growth is affected.
Aphid Infestation,"During inspection, I found soft bodied insects under leaves Farmers are concerned about the crop condition."
Mosaic Virus,"After checking the field, I observed light and dark green patches."
Bacterial Leaf Spot,The affected crop has multiple dark spots on leaves The plant is losing vigor.
Late Blight,There are clear signs of large dark lesions on leaves.
Damping Off,"After checking the field, I observed water soaked seedling stems Farmers are concerned about the crop condition."
Bacterial Leaf Spot,There is an increasing problem with small water soaked spots on leaves The symptoms are visible across several plants.
Stem Borer,Many plants in the field show frass coming from stem openings Farmers are concerned about the crop condition.
Whitefly Infestation,I can see leaf yellowing with whiteflies on the crop The symptoms are visible across several plants.
Fruit Borer,I can see frass near fruit openings on the crop The affected fruit surface are showing damage.
Powdery Mildew,The crop appears to have white fungal patches on upper leaves The affected upper foliage look unhealthy.
Thrips Infestation,The crop appears to have damaged flower petals The problem is becoming more noticeable.
Stem Borer,The plants have started showing broken stems around bore holes The symptoms are visible across several plants.
Root Rot,"During inspection, I found roots turning brown The affected plant base are showing damage."
Powdery Mildew,Field inspection revealed powder like substance on foliage The affected upper foliage are showing damage.
Late Blight,The crop shows rotting leaves Farmers are concerned about the crop condition.
Fungal Wilt,"After checking the field, I observed leaves wilting gradually The problem is visible on the stems."
Thrips Infestation,There are clear signs of scarring on young leaves Farmers are concerned about the crop condition.
Powdery Mildew,The crop is developing white growth on stems The plant is losing vigor.
Powdery Mildew,There is an increasing problem with flour like growth on leaves Affected leaves are becoming weak.
Mosaic Virus,I noticed mosaic pattern on leaves in the field The plant is losing vigor.
Leaf Curl,I can see young leaves becoming curled on the crop The plant is losing vigor.
Rust,The crop shows reddish brown spots The problem is visible on the leaf surfaces.
Late Blight,The affected plants are showing large dark lesions on leaves The problem is visible on the stems.
Fungal Wilt,I can see lower leaves turning yellow on the crop The affected stems are showing damage.
Leaf Curl,The main symptom is new growth becoming twisted The affected new shoots look unhealthy.
Stem Borer,The crop is developing yellowing above damaged stems The affected central shoots are showing damage.
Whitefly Infestation,There are clear signs of sticky leaves Plant growth is affected.
Leaf Blight,The farmer reports dark lesions on foliage Farmers are concerned about the crop condition.
Fusarium Wilt,Many plants in the field show slow decline of the plant The affected vascular tissue are showing damage.
Rust,"During inspection, I found small orange fungal spots The plant is losing vigor."
Rust,The field currently has plants with rust colored dust The symptoms are visible across several plants.
Sooty Mold,The plants have started showing dark mold covering plant surfaces The affected leaves are showing damage.
Thrips Infestation,The affected plants are showing brown feeding marks The symptoms are visible across several plants.
Mosaic Virus,Many plants in the field show mosaic pattern on leaves The plant is losing vigor.
Sooty Mold,"After checking the field, I observed sooty appearance on foliage The plant is losing vigor."
Leaf Blight,There are clear signs of brown spots on leaves.
Nutrient Deficiency,The farmer reports young leaves remaining pale.
Damping Off,The farmer noticed rotting seedling bases yesterday Plant growth is affected.
Thrips Infestation,The affected crop has rough feeding scars The problem is becoming more noticeable.
Leaf Blight,The crop appears to have dead tissue on foliage The affected lower foliage look unhealthy.
Whitefly Infestation,The crop condition includes small white flies rising when disturbed The problem is becoming more noticeable.
Leaf Blight,The affected crop has brown spots on leaves The problem is visible on the lower foliage.
Whitefly Infestation,A noticeable problem is white insects clustered beneath foliage The problem is becoming more noticeable.
Nutrient Deficiency,The field currently has plants with uniform leaf discoloration The problem is becoming more noticeable.
Whitefly Infestation,The plants currently have whitefly nymphs on leaf undersides The problem is visible on the leaf undersides.
Powdery Mildew,"After checking the field, I observed dusty layer on leaves Plant growth is affected."
Mosaic Virus,The plants are showing vein clearing The problem is becoming more noticeable.
Thrips Infestation,There are clear signs of silvery patches on foliage Farmers are concerned about the crop condition.
Nutrient Deficiency,Several plants have weak stems Farmers are concerned about the crop condition.
Powdery Mildew,Recently the plants developed flour like growth on leaves.
Leaf Blight,The leaves or stems show leaves becoming brittle Farmers are concerned about the crop condition.
Bacterial Leaf Spot,There are clear signs of wet looking lesions on foliage The affected leaves look unhealthy.
Thrips Infestation,Many plants in the field show rough feeding scars The symptoms are visible across several plants.
Bacterial Leaf Spot,The plants have started showing black lesions on leaves The symptoms are visible across several plants.
Fruit Borer,The field currently has plants with early fruit dropping.
Bacterial Wilt,The crop appears to have leaves wilting without obvious dryness The affected stems are showing damage.
Rust,The farmer reports orange spots on leaves The problem is visible on the lower foliage.
Whitefly Infestation,"After checking the field, I observed small white flies rising when disturbed."
Fruit Borer,The leaves or stems show early fruit dropping Plant growth is affected.
Fruit Borer,Many plants in the field show webbing near fruit holes The affected fruit pulp look unhealthy.
Downy Mildew,The plants have started showing fuzzy growth beneath foliage The affected young foliage look unhealthy.
Leaf Curl,The leaves or stems show leaves folding along the edges The problem is visible on the young leaves.
Damping Off,I noticed brown tissue around seedling bases in the field The problem is becoming more noticeable.
Bacterial Leaf Spot,Several plants have tiny dark lesions on young leaves The problem is becoming more noticeable.
Downy Mildew,The field currently has plants with angular yellow spots The symptoms are visible across several plants.
Aphid Infestation,"During inspection, I found tiny insects clustered around shoots The plant is losing vigor."
Downy Mildew,A noticeable problem is grayish coating on leaf undersides The problem is becoming more noticeable.
Bacterial Leaf Spot,The affected crop has leaf spots becoming larger The affected leaves look unhealthy.
Late Blight,"During inspection, I found white fungal growth during humid weather The problem is visible on the lower foliage."
Mosaic Virus,The farmer noticed yellow green leaf markings yesterday Farmers are concerned about the crop condition.
Fusarium Wilt,Field inspection revealed slow decline of the plant.
Mosaic Virus,The main symptom is light and dark green patches The symptoms are visible across several plants.
Nutrient Deficiency,Several plants have weak stems Overall plant vigor is reduced.
Damping Off,I noticed water soaked seedling stems in the field The plant is losing vigor.
Fruit Borer,The crop is developing insect larvae inside fruits The affected fruit pulp look unhealthy.
Fruit Borer,There is an increasing problem with damaged young fruits Fruit production is being reduced.
Nutrient Deficiency,Several plants have stunted plants The problem is visible on the young leaves.
Aphid Infestation,The affected crop has tiny insects clustered around shoots The problem is becoming more noticeable.
Whitefly Infestation,Recently the plants developed sticky honeydew from insects The plant is losing vigor.
Fruit Borer,"During inspection, I found caterpillar inside the fruit The problem is visible on the fruits."
Nutrient Deficiency,The leaves or stems show slow plant growth Farmers are concerned about the crop condition.
Mosaic Virus,The farmer reports mosaic markings on young leaves The affected leaves are showing damage.
Bacterial Wilt,Several plants have leaves wilting without obvious dryness The plant does not recover after watering.
Thrips Infestation,The field currently has plants with damaged flower petals The plant is losing vigor.
Fusarium Wilt,The plants are showing lower leaves becoming yellow The problem is visible on the vascular tissue.
Mosaic Virus,The crop shows mottled foliage New leaves are distorted.
Thrips Infestation,The main symptom is scarring on young leaves The affected buds look unhealthy.
Late Blight,Many plants in the field show large dark lesions on leaves Farmers are concerned about the crop condition.
Fruit Borer,The crop condition includes dark entry holes Farmers are concerned about the crop condition.
Bacterial Wilt,The plants currently have whole plant losing firmness Farmers are concerned about the crop condition.
Damping Off,The crop is developing rotting seedling bases The problem is becoming more noticeable.
Whitefly Infestation,The crop condition includes small white flies rising when disturbed The problem is visible on the leaf undersides.
Root Rot,The crop shows plant wilting despite watering The affected root tips look unhealthy.
Nutrient Deficiency,The crop shows yellowing between leaf veins The affected young leaves look unhealthy.
Downy Mildew,The farmer noticed grayish coating on leaf undersides yesterday The plant is losing vigor.
Thrips Infestation,There are clear signs of silvery patches on foliage The problem is becoming more noticeable.
Fungal Wilt,The field currently has plants with persistent wilting Plant growth is affected.
Downy Mildew,The crop appears to have yellow areas between leaf veins.
Stem Borer,"During inspection, I found hollow stems Plant growth is affected."
Fusarium Wilt,The plants have started showing persistent daytime wilt The plant is losing vigor.
Fruit Borer,There is an increasing problem with rotting around insect holes The symptoms are visible across several plants.
Leaf Blight,Field inspection revealed dry patches spreading Leaves are drying.
Root Rot,There are clear signs of plant wilting despite watering Plant growth is affected.
Leaf Curl,I can see distorted foliage on the crop The plant is losing vigor.
Thrips Infestation,The plants are showing damaged flower petals Affected foliage is becoming weak.
Leaf Blight,The crop shows irregular brown lesions The plant is losing vigor.
Leaf Curl,The crop shows abnormally curled plant tips The problem is visible on the leaf margins.
Leaf Blight,The crop appears to have dry patches spreading The symptoms are visible across several plants.
Late Blight,Many plants in the field show rapid leaf browning Infected plant parts are turning dark.
Sooty Mold,The plants have started showing dark coating around honeydew Affected leaves have reduced photosynthesis.
Bacterial Leaf Spot,Many plants in the field show tiny dark lesions on young leaves.
Fruit Borer,The plants have started showing caterpillar inside the fruit Affected fruits are rotting.
Mosaic Virus,The plants currently have mottled foliage.
Fruit Borer,The crop condition includes insect larvae inside fruits The problem is becoming more noticeable.
Mosaic Virus,Many plants in the field show vein clearing Farmers are concerned about the crop condition.
Fungal Wilt,The plants are showing one side of the plant wilting The plant is losing vigor.
Late Blight,The leaves or stems show dark patches with pale edges The disease is spreading rapidly.
Leaf Curl,Recently the plants developed curled leaf margins The affected leaf margins are showing damage.
Mosaic Virus,A noticeable problem is mosaic markings on young leaves The plant is losing vigor.
Bacterial Leaf Spot,Recently the plants developed wet looking lesions on foliage The problem is visible on the young foliage.
Mosaic Virus,The leaves or stems show mosaic pattern on leaves The plant is losing vigor.
Whitefly Infestation,There are clear signs of sticky honeydew from insects The problem is becoming more noticeable.
Bacterial Wilt,The crop condition includes whole plant losing firmness The problem is becoming more noticeable.
Powdery Mildew,The plants have started showing flour like growth on leaves Plant growth is affected.
Rust,A noticeable problem is brown rust marks Plant growth is affected.
Fungal Wilt,The affected crop has one side of the plant wilting Farmers are concerned about the crop condition.
Root Rot,There are clear signs of roots decaying near soil The affected underground roots look unhealthy.
Fruit Borer,A noticeable problem is frass near fruit openings The problem is visible on the fruits.
Bacterial Leaf Spot,The crop appears to have small water soaked spots on leaves The symptoms are visible across several plants.
Leaf Curl,The affected crop has leaves rolling inward.
Fungal Wilt,"During inspection, I found persistent wilting The problem is visible on the leaves."
Fungal Wilt,The affected crop has plant becoming weak The problem is becoming more noticeable.
Mosaic Virus,"After checking the field, I observed uneven green coloration The symptoms are visible across several plants."
Fungal Wilt,The leaves or stems show persistent wilting The problem is becoming more noticeable.
Leaf Blight,There is an increasing problem with large brown patches The affected leaves look unhealthy.
Late Blight,The farmer reports brown lesions spreading quickly The problem is visible on the stems.
Rust,A noticeable problem is reddish lesions The problem is visible on the lower foliage.
Mosaic Virus,I can see uneven green coloration on the crop The affected leaves look unhealthy.
Leaf Curl,The affected plants are showing new growth becoming twisted Farmers are concerned about the crop condition.
Whitefly Infestation,The affected plants are showing tiny white insects flying around leaves The problem is visible on the leaves.
Downy Mildew,I can see yellowing foliage with gray growth on the crop Plant growth is affected.
Fusarium Wilt,There is an increasing problem with gradual plant wilting The affected vascular tissue are showing damage.
Downy Mildew,There is an increasing problem with angular yellow spots The problem is visible on the leaf undersides.
Fungal Wilt,Field inspection revealed persistent wilting.
Bacterial Leaf Spot,A noticeable problem is dark brown spots on foliage Leaf tissue is dying around the spots.
Late Blight,The crop is developing brown lesions after wet weather The affected lower foliage are showing damage.
Powdery Mildew,The plants currently have white fungal coating The problem is visible on the young shoots.
Nutrient Deficiency,The plants have started showing poor leaf development The problem is visible on the stems.
Root Rot,The plants have started showing black roots Plant growth is affected.
Fusarium Wilt,The farmer reports brown vascular tissue The affected stems are showing damage.
Damping Off,The plants are showing brown tissue around seedling bases Plant growth is affected.
Fungal Wilt,The affected plants are showing brown discoloration inside stems The plant is losing vigor.
Late Blight,"After checking the field, I observed water soaked leaf patches Plant growth is affected."
Stem Borer,The plants have started showing yellowing above damaged stems.
Bacterial Wilt,The field currently has plants with rapid plant collapse Farmers are concerned about the crop condition.
Damping Off,The affected crop has rotting seedling bases The affected plant base are showing damage.
Bacterial Wilt,The affected plants are showing leaves wilting without obvious dryness The symptoms are visible across several plants.
Leaf Blight,The plants have started showing drying leaf tips Farmers are concerned about the crop condition.
Fusarium Wilt,Field inspection revealed brown streaks inside stems The symptoms are visible across several plants.
Nutrient Deficiency,The plants are showing stunted plants The plant is losing vigor.
Stem Borer,Several plants have frass coming from stem openings The problem is visible on the stems.
Rust,The farmer reports rusty patches on foliage The problem is becoming more noticeable.
Leaf Blight,I can see dead tissue on foliage on the crop Leaves are drying.
Bacterial Wilt,I can see vascular discoloration inside stems on the crop Affected plants may die suddenly.
Aphid Infestation,The affected crop has distorted new growth The problem is becoming more noticeable.
Rust,Several plants have yellow orange pustules The problem is visible on the lower foliage.
Leaf Curl,The plants have started showing twisted shoots Plant development is slowing.
Whitefly Infestation,The farmer reports cloud of white insects The symptoms are visible across several plants.
Leaf Curl,The affected crop has narrow distorted leaves The plant is losing vigor.
Downy Mildew,The plants have started showing gray fungal growth under leaves The problem is becoming more noticeable.
Aphid Infestation,There are clear signs of yellowing leaves The plant is losing vigor.
Thrips Infestation,There are clear signs of black specks on leaves The affected leaves look unhealthy.
Fusarium Wilt,There are clear signs of yellowing of older leaves Plant growth becomes stunted.
Leaf Curl,"After checking the field, I observed leaves curling upward The affected new shoots look unhealthy."
Bacterial Leaf Spot,"During inspection, I found yellow halos around leaf spots The affected young foliage look unhealthy."
Leaf Blight,Many plants in the field show leaf edges turning brown The problem is visible on the lower foliage.
Sooty Mold,There is an increasing problem with sooty appearance on foliage Affected leaves have reduced photosynthesis.
Leaf Curl,The plants currently have leaves curling upward The affected plant tips look unhealthy.
Sooty Mold,A noticeable problem is gray black film on leaves The problem is visible on the leaves.
Bacterial Leaf Spot,The crop appears to have brown patches surrounded by yellow tissue The damaged areas are expanding.
Thrips Infestation,Field inspection revealed silver streaks on leaves The affected young shoots look unhealthy.
Thrips Infestation,There are clear signs of brown feeding marks The symptoms are visible across several plants.
Rust,There is an increasing problem with reddish brown spots The problem is visible on the leaves.
Bacterial Leaf Spot,"After checking the field, I observed brown patches surrounded by yellow tissue The damaged areas are expanding."
Fungal Wilt,The leaves or stems show leaves wilting gradually Farmers are concerned about the crop condition.
Root Rot,I noticed mushy root tissue in the field Plant growth is affected.
Leaf Blight,There is an increasing problem with leaf edges turning brown.
Fungal Wilt,Field inspection revealed plant becoming weak The plant is losing vigor.
Leaf Blight,The affected crop has irregular brown lesions Plant growth is affected.
Powdery Mildew,The farmer reports white growth on stems New shoots are becoming affected.
Rust,Field inspection revealed rust colored dust Farmers are concerned about the crop condition.
Damping Off,"After checking the field, I observed weak stems in young plants The problem is becoming more noticeable."
Powdery Mildew,"During inspection, I found white fungal coating The affected young shoots are showing damage."
Powdery Mildew,The farmer noticed white spots spreading across leaves yesterday Plant growth is affected.
Downy Mildew,The crop shows yellow patches on leaves The problem is becoming more noticeable.
Late Blight,There is an increasing problem with large dark lesions on leaves.
Mosaic Virus,The affected plants are showing mottled foliage The plant is losing vigor.
Downy Mildew,Many plants in the field show angular yellow spots The affected young foliage are showing damage.
Whitefly Infestation,The crop is developing small white flies rising when disturbed The symptoms are visible across several plants.
Powdery Mildew,Field inspection revealed dusty layer on leaves The affected stems look unhealthy.
Late Blight,Field inspection revealed brown lesions after wet weather Plant growth is affected.
Whitefly Infestation,The crop appears to have sticky leaves The problem is visible on the leaves.
Leaf Blight,The affected crop has leaf edges turning brown The symptoms are visible across several plants.
Mosaic Virus,The farmer reports irregular leaf discoloration Plant growth is affected.
Leaf Blight,A noticeable problem is dry patches spreading Farmers are concerned about the crop condition.
Downy Mildew,"After checking the field, I observed gray fungal growth under leaves."
Stem Borer,Field inspection revealed yellowing above damaged stems The affected stems look unhealthy.
Root Rot,There are clear signs of plant easily pulling from soil.
Leaf Blight,Recently the plants developed dark lesions on foliage The affected lower foliage look unhealthy.
Bacterial Wilt,The plants have started showing wilting during the daytime Affected plants may die suddenly.
Rust,The crop shows brown rust marks The symptoms are visible across several plants.
Fruit Borer,A noticeable problem is dark entry holes The affected fruit surface are showing damage.
Thrips Infestation,"During inspection, I found damaged flower petals Farmers are concerned about the crop condition."
Mosaic Virus,The farmer noticed mosaic pattern on leaves yesterday Plant growth is affected.
Damping Off,There are clear signs of water soaked seedling stems Plant growth is affected.
Powdery Mildew,The crop is developing white powder on leaves New shoots are becoming affected.
Leaf Blight,The plants currently have irregular brown lesions The affected leaf tips are showing damage.
Bacterial Wilt,Recently the plants developed plant remaining wilted after watering The affected whole plant are showing damage.
Aphid Infestation,I noticed distorted new growth in the field The problem is visible on the leaves.
Bacterial Leaf Spot,The farmer reports irregular spots spreading across leaves Farmers are concerned about the crop condition.
Stem Borer,The affected plants are showing frass coming from stem openings.
Bacterial Leaf Spot,The crop shows small water soaked spots on leaves The plant looks weaker than normal.
Fungal Wilt,The crop is developing stem tissue becoming brown The problem is visible on the branches.
Root Rot,The main symptom is dark damaged roots The affected roots are showing damage.
Leaf Blight,I noticed brown spots on leaves in the field.
Leaf Blight,I noticed brown spots on leaves in the field Plant growth is affected.
Whitefly Infestation,The field currently has plants with white insects clustered beneath foliage The problem is becoming more noticeable.
Leaf Blight,A noticeable problem is drying leaf tips Leaves are drying.
Leaf Blight,I can see brown spots on leaves on the crop The affected lower foliage look unhealthy.
Leaf Curl,Recently the plants developed twisted shoots The problem is becoming more noticeable.
Fusarium Wilt,There are clear signs of leaf curling with wilt The problem is becoming more noticeable.
Thrips Infestation,The affected crop has rough feeding scars Farmers are concerned about the crop condition.
Stem Borer,I noticed sawdust near stem holes in the field The affected central shoots are showing damage.
Aphid Infestation,Several plants have small insects sucking plant sap.
Leaf Blight,The farmer noticed irregular brown lesions yesterday The symptoms are visible across several plants.
Thrips Infestation,There are clear signs of black specks on leaves The problem is visible on the young shoots.
Leaf Curl,Field inspection revealed distorted foliage The problem is becoming more noticeable.
Fruit Borer,A noticeable problem is rotting around insect holes The affected fruit pulp are showing damage.
Nutrient Deficiency,There are clear signs of older leaves turning yellow The symptoms are visible across several plants.
Bacterial Wilt,The crop appears to have plant remaining wilted after watering The problem is visible on the branches.
Rust,There are clear signs of rusty patches on foliage The symptoms are visible across several plants.
Bacterial Leaf Spot,The plants are showing leaf spots becoming larger.
Thrips Infestation,There are clear signs of rough feeding scars The problem is visible on the buds.
Leaf Curl,The plants currently have abnormally curled plant tips The affected young leaves are showing damage.
Fruit Borer,The field currently has plants with dark entry holes The affected fruit surface are showing damage.
Aphid Infestation,The farmer reports tiny insects clustered around shoots The symptoms are visible across several plants.
Whitefly Infestation,Many plants in the field show tiny white insects flying around leaves The plant is losing vigor.
Leaf Curl,The farmer reports narrow distorted leaves Farmers are concerned about the crop condition.
Nutrient Deficiency,The crop condition includes yellowing between leaf veins Plants remain smaller than normal.
Thrips Infestation,I can see silver streaks on leaves on the crop Plant growth is affected.
Late Blight,The crop appears to have brown lesions spreading quickly The affected leaves are showing damage.
Sooty Mold,The leaves or stems show sooty appearance on foliage.
Downy Mildew,The field currently has plants with yellow areas between leaf veins The plant is losing vigor.
Mosaic Virus,The crop condition includes distorted leaves The affected plant tips look unhealthy.
Nutrient Deficiency,The field currently has plants with older leaves turning yellow Farmers are concerned about the crop condition.
Damping Off,Recently the plants developed weak stems in young plants The affected seedling roots look unhealthy.
Leaf Blight,Several plants have dry patches spreading The plant is losing vigor.
Damping Off,"After checking the field, I observed brown tissue around seedling bases."
Downy Mildew,The leaves or stems show irregular pale patches Plant growth is affected.
Mosaic Virus,Field inspection revealed light and dark green patches The symptoms are visible across several plants.
Downy Mildew,The affected plants are showing yellow patches on leaves The affected leaf undersides are showing damage.
Root Rot,The field currently has plants with soft rotten roots Affected plants may die.
Leaf Curl,Field inspection revealed young leaves becoming curled The affected young leaves are showing damage.
Sooty Mold,Field inspection revealed gray black film on leaves Affected leaves have reduced photosynthesis.
Leaf Blight,A noticeable problem is drying leaf tips Plant growth is affected.
Leaf Blight,Many plants in the field show leaf edges turning brown The plant is losing vigor.
Downy Mildew,The crop shows yellowing foliage with gray growth The plant is losing vigor.
Mosaic Virus,The plants are showing yellow green leaf markings The problem is visible on the plant tips.
Leaf Blight,The crop condition includes drying leaf tips The affected leaf margins look unhealthy.
Thrips Infestation,The affected crop has tiny insects on flowers Plant growth is affected.
Downy Mildew,I can see yellow areas between leaf veins on the crop The problem is visible on the lower leaves.
Damping Off,I noticed young seedlings suddenly dying in the field Young plants are dying in patches.
Thrips Infestation,The crop is developing silver streaks on leaves.
Mosaic Virus,The crop condition includes uneven green coloration The symptoms are visible across several plants.
Root Rot,"During inspection, I found bad smell from roots The affected underground roots are showing damage."
Damping Off,The leaves or stems show rotting seedling bases The affected plant base are showing damage.
Powdery Mildew,The crop shows whitish coating on young shoots The affected young shoots are showing damage.
Aphid Infestation,A noticeable problem is sticky residue on stems Plant growth is affected.
Stem Borer,"After checking the field, I observed broken stems around bore holes."
Thrips Infestation,There are clear signs of leaf curling with insects The affected buds are showing damage.
Sooty Mold,The affected plants are showing black coating on leaves Plant growth is affected.
Nutrient Deficiency,The plants have started showing uniform leaf discoloration.
Rust,Field inspection revealed rust colored dust Plant vigor is decreasing.
Bacterial Leaf Spot,The affected plants are showing black lesions on leaves The affected lower leaves are showing damage.
Whitefly Infestation,The affected crop has sticky leaves The problem is becoming more noticeable.
Leaf Blight,The plants are showing blackish marks on leaves The affected leaf tips look unhealthy.
Root Rot,The plants have started showing dark damaged roots The affected roots look unhealthy.
Rust,The plants currently have brown rust marks The affected leaf surfaces look unhealthy.
Bacterial Wilt,Several plants have sudden wilting of the plant The plant is losing vigor.
Sooty Mold,I can see dark mold covering plant surfaces on the crop The problem is visible on the plant surfaces.
Aphid Infestation,I noticed sticky residue on stems in the field The affected buds look unhealthy.
Fungal Wilt,The plants have started showing slow plant decline The affected roots are showing damage.
Nutrient Deficiency,The plants have started showing poor leaf development Farmers are concerned about the crop condition.
Mosaic Virus,The affected crop has vein clearing The problem is visible on the new shoots.
Fusarium Wilt,There is an increasing problem with one sided wilting The problem is becoming more noticeable.
Root Rot,The crop shows plant easily pulling from soil Plant growth is affected.
Sooty Mold,The plants are showing sooty appearance on foliage The plant is losing vigor.
Fruit Borer,The main symptom is rotting around insect holes Marketable fruit quality is decreasing.
Whitefly Infestation,The crop appears to have tiny white insects flying around leaves The problem is visible on the young foliage.
Mosaic Virus,The plants have started showing yellow green leaf markings Farmers are concerned about the crop condition.
Aphid Infestation,The farmer reports curled young leaves The symptoms are visible across several plants.
Stem Borer,The crop appears to have hollow stems The affected main branches look unhealthy.
Late Blight,The leaves or stems show dark spots on stems The plant is losing vigor.
Fungal Wilt,Several plants have slow plant decline The affected branches look unhealthy.
Root Rot,Many plants in the field show poor root development The problem is becoming more noticeable.
Damping Off,The crop is developing soft stems near the soil The affected seedling roots are showing damage.
Thrips Infestation,Several plants have black specks on leaves Farmers are concerned about the crop condition.
Late Blight,The crop shows rapid leaf browning The affected stems look unhealthy.
Thrips Infestation,Field inspection revealed tiny insects on flowers The affected flowers are showing damage.
Fungal Wilt,I noticed yellowing foliage in the field Plant growth is affected.
Downy Mildew,A noticeable problem is yellowing foliage with gray growth Affected leaves are becoming weak.
Leaf Blight,"During inspection, I found irregular brown lesions The affected leaves are showing damage."
Root Rot,The plants have started showing poor root development The symptoms are visible across several plants.
Late Blight,The plants have started showing large dark lesions on leaves The problem is visible on the leaves.
Late Blight,Field inspection revealed brown lesions after wet weather The disease is spreading rapidly.
Rust,The crop appears to have rust colored dust Foliage is losing its healthy appearance.
Fruit Borer,Recently the plants developed fruit pulp being eaten The problem is becoming more noticeable.
Bacterial Leaf Spot,The farmer reports yellow halos around leaf spots Plant growth is affected.
Bacterial Leaf Spot,The plants have started showing brown patches surrounded by yellow tissue The problem is visible on the leaf margins.
Thrips Infestation,The field currently has plants with distorted new growth The problem is visible on the leaves.
Downy Mildew,The leaves or stems show fuzzy growth beneath foliage The problem is visible on the lower leaves.
Thrips Infestation,The crop shows black specks on leaves.
Bacterial Wilt,"During inspection, I found plant remaining wilted after watering Plant growth is affected."
Root Rot,"After checking the field, I observed roots turning brown The affected roots look unhealthy."
Whitefly Infestation,Many plants in the field show small white insects on plant leaves The problem is becoming more noticeable.
Leaf Curl,"After checking the field, I observed leaves curling upward The plant is losing vigor."
Fusarium Wilt,A noticeable problem is persistent daytime wilt Farmers are concerned about the crop condition.
Fusarium Wilt,"After checking the field, I observed lower leaves becoming yellow The plant is losing vigor."
Whitefly Infestation,The plants currently have tiny white insects flying around leaves.
Rust,"After checking the field, I observed rust colored pustules Farmers are concerned about the crop condition."
Mosaic Virus,"After checking the field, I observed vein clearing The problem is becoming more noticeable."
Stem Borer,The affected crop has dead central shoot.
Leaf Curl,The crop is developing abnormally curled plant tips The affected leaf margins are showing damage.
Fruit Borer,The leaves or stems show rotting around insect holes Farmers are concerned about the crop condition.
Leaf Curl,The leaves or stems show young leaves becoming curled The problem is visible on the plant tips.
Whitefly Infestation,The main symptom is whitefly nymphs on leaf undersides The plant is losing vigor.
Mosaic Virus,The plants have started showing mottled foliage The symptoms are visible across several plants.
Whitefly Infestation,"After checking the field, I observed sticky honeydew from insects The affected leaf undersides look unhealthy."
Root Rot,"After checking the field, I observed soft rotten roots The plant cannot absorb enough water."
Damping Off,There are clear signs of young plants falling over The affected seedling roots look unhealthy.
Root Rot,The leaves or stems show soft rotten roots The problem is becoming more noticeable.
Aphid Infestation,Several plants have ants around the plant The problem is becoming more noticeable.
Root Rot,The crop shows roots decaying near soil Farmers are concerned about the crop condition.
Mosaic Virus,The plants have started showing vein clearing The symptoms are visible across several plants.
Mosaic Virus,"After checking the field, I observed distorted leaves The symptoms are visible across several plants."
Late Blight,Many plants in the field show rapid leaf browning The problem is becoming more noticeable.
Root Rot,The affected plants are showing mushy root tissue The problem is becoming more noticeable.
Nutrient Deficiency,The affected plants are showing older leaves turning yellow.
Leaf Curl,I can see twisted shoots on the crop The symptoms are visible across several plants.
Bacterial Leaf Spot,A noticeable problem is multiple dark spots on leaves The symptoms are visible across several plants.
Aphid Infestation,The crop shows soft bodied insects under leaves Plant growth has slowed.
Sooty Mold,The farmer reports sooty appearance on foliage Plant growth is affected.
Nutrient Deficiency,The field currently has plants with yellow leaves The problem is becoming more noticeable.
Fungal Wilt,I noticed plant becoming weak in the field Plant growth is affected.
Fruit Borer,There is an increasing problem with fruit pulp being eaten The symptoms are visible across several plants.
Mosaic Virus,The crop condition includes mosaic markings on young leaves The problem is becoming more noticeable.
Aphid Infestation,"During inspection, I found small green insects on young leaves The plant is losing vigor."
Whitefly Infestation,The farmer noticed white insects clustered beneath foliage yesterday Leaves are becoming yellow.
Sooty Mold,A noticeable problem is black growth on stems The problem is visible on the stems.
Bacterial Wilt,"During inspection, I found plant remaining wilted after watering The plant is losing vigor."
Bacterial Wilt,The affected plants are showing plant remaining wilted after watering The affected leaves are showing damage.
Damping Off,The leaves or stems show weak stems in young plants The plant is losing vigor.
Fungal Wilt,The leaves or stems show one side of the plant wilting The affected leaves look unhealthy.
Fusarium Wilt,The affected plants are showing persistent daytime wilt The affected stems are showing damage.
Fusarium Wilt,A noticeable problem is gradual plant wilting The affected whole plant are showing damage.
Whitefly Infestation,There are clear signs of whitefly nymphs on leaf undersides The problem is visible on the leaves.
Downy Mildew,The plants have started showing pale yellow leaf lesions Farmers are concerned about the crop condition.
Fungal Wilt,The plants currently have yellowing foliage The problem is becoming more noticeable.
Thrips Infestation,The crop is developing brown feeding marks The problem is becoming more noticeable.
Thrips Infestation,There is an increasing problem with scarring on young leaves The affected flowers look unhealthy.
Thrips Infestation,The crop condition includes scarring on young leaves The problem is visible on the flowers.
Bacterial Leaf Spot,Field inspection revealed leaf spots becoming larger Farmers are concerned about the crop condition.
Late Blight,The crop appears to have white fungal growth during humid weather Farmers are concerned about the crop condition.
Nutrient Deficiency,The main symptom is yellow leaves The problem is becoming more noticeable.
Rust,The crop is developing rust colored dust The problem is becoming more noticeable.
Thrips Infestation,Field inspection revealed scarring on young leaves The plant is losing vigor.
Fruit Borer,"After checking the field, I observed fruit pulp being eaten The affected fruit pulp look unhealthy."
Fungal Wilt,The crop is developing one side of the plant wilting The symptoms are visible across several plants.
Sooty Mold,"During inspection, I found black growth on stems Plant growth is affected."
Rust,There are clear signs of rust colored dust Plant vigor is decreasing.
Fruit Borer,I noticed fruit pulp being eaten in the field The affected fruit pulp look unhealthy.
Powdery Mildew,The affected plants are showing white growth on stems The affected upper foliage are showing damage.
Leaf Curl,Many plants in the field show leaves rolling inward The problem is visible on the new shoots.
Leaf Curl,Many plants in the field show abnormally curled plant tips The affected plant tips are showing damage.
Nutrient Deficiency,Recently the plants developed stunted plants.
Stem Borer,The plants have started showing wilting central shoots The affected plant stalks look unhealthy.
Fungal Wilt,The farmer noticed drooping leaves yesterday Farmers are concerned about the crop condition.
Fungal Wilt,The farmer reports plant becoming weak The problem is becoming more noticeable.
Powdery Mildew,The affected crop has whitish coating on young shoots Plant growth is affected.
Root Rot,The crop is developing dark damaged roots The plant is losing vigor.
Nutrient Deficiency,The crop condition includes poor leaf development The crop looks pale.
Rust,I can see yellow orange pustules on the crop.
Leaf Blight,The farmer reports irregular brown lesions The plant is losing vigor.
Whitefly Infestation,The main symptom is whitefly nymphs on leaf undersides The problem is visible on the stems.
Nutrient Deficiency,I noticed uniform leaf discoloration in the field The plant is losing vigor.
Nutrient Deficiency,Several plants have uniform leaf discoloration.
Fungal Wilt,Many plants in the field show yellowing foliage Affected branches are dying.
Bacterial Leaf Spot,There are clear signs of irregular spots spreading across leaves The plant is losing vigor.
Bacterial Leaf Spot,The affected plants are showing leaf spots becoming larger.
Bacterial Wilt,The crop is developing plant remaining wilted after watering The plant is losing vigor.
Aphid Infestation,The farmer reports distorted new growth Plant growth is affected.
Whitefly Infestation,The main symptom is leaf yellowing with whiteflies The problem is visible on the young foliage.
Thrips Infestation,The crop is developing black specks on leaves The symptoms are visible across several plants.
Leaf Blight,Many plants in the field show brown spots on leaves The affected leaves look unhealthy.
Damping Off,The affected crop has brown tissue around seedling bases The affected young stems are showing damage.
Late Blight,The plants currently have dark spots on stems The problem is visible on the fruits.
Rust,Several plants have rusty patches on foliage The problem is becoming more noticeable.
Mosaic Virus,The crop condition includes uneven green coloration The problem is visible on the young foliage.
Powdery Mildew,The crop is developing flour like growth on leaves The affected stems are showing damage.
Fusarium Wilt,The main symptom is yellowing of older leaves The problem is becoming more noticeable.
Late Blight,The field currently has plants with brown lesions after wet weather Farmers are concerned about the crop condition.
Fruit Borer,The field currently has plants with damaged young fruits The problem is becoming more noticeable.
Bacterial Leaf Spot,The affected crop has dark brown spots on foliage Plant growth is affected.
Nutrient Deficiency,The affected plants are showing weak stems The affected young leaves are showing damage.
Fusarium Wilt,The plants are showing leaf curling with wilt The plant is losing vigor.
Nutrient Deficiency,There is an increasing problem with uniform leaf discoloration The affected stems look unhealthy.
Damping Off,The affected plants are showing dark lesions near the soil line The seedlings cannot stand upright.
Aphid Infestation,The plants are showing small green insects on young leaves The problem is visible on the leaves.
Fungal Wilt,Field inspection revealed yellowing foliage Plant growth is affected.
Fusarium Wilt,There is an increasing problem with stem discoloration The problem is visible on the stems.
Bacterial Leaf Spot,The crop condition includes black lesions on leaves The affected young foliage look unhealthy.
Thrips Infestation,"During inspection, I found rough feeding scars Flowers are damaged."
Stem Borer,The crop shows hollow stems The problem is visible on the plant stalks.
Downy Mildew,"After checking the field, I observed pale yellow leaf lesions Infected foliage is drying."
Leaf Curl,The leaves or stems show narrow distorted leaves The symptoms are visible across several plants.
Leaf Blight,The farmer reports drying leaf tips Plant growth is affected.
Leaf Blight,The farmer reports large brown patches The problem is becoming more noticeable.
Stem Borer,The crop shows dead central shoot The affected central shoots look unhealthy.
Rust,Recently the plants developed rust colored pustules The affected leaf undersides are showing damage.
Leaf Curl,There is an increasing problem with narrow distorted leaves New growth is becoming abnormal.
Powdery Mildew,The field currently has plants with white fungal coating The problem is visible on the young shoots.
Damping Off,The plants currently have brown tissue around seedling bases Farmers are concerned about the crop condition.
Aphid Infestation,The crop shows sticky residue on stems The affected buds look unhealthy.
Leaf Blight,The affected plants are showing brown spots on leaves.
Aphid Infestation,There are clear signs of small insects sucking plant sap The affected foliage is becoming weak.
Damping Off,The plants are showing seedlings collapsing The problem is becoming more noticeable.
Powdery Mildew,The leaves or stems show powder like substance on foliage Farmers are concerned about the crop condition.
Aphid Infestation,Recently the plants developed curled young leaves Farmers are concerned about the crop condition.
Downy Mildew,Recently the plants developed pale yellow leaf lesions Farmers are concerned about the crop condition.
Nutrient Deficiency,A noticeable problem is young leaves remaining pale.
Mosaic Virus,The main symptom is mottled foliage The problem is becoming more noticeable.
Aphid Infestation,There are clear signs of sticky honeydew on foliage Farmers are concerned about the crop condition.
Fruit Borer,The farmer reports frass near fruit openings.
Rust,There is an increasing problem with brown rust marks The affected leaf surfaces look unhealthy.
Aphid Infestation,"During inspection, I found distorted new growth."
Bacterial Wilt,The main symptom is leaves wilting without obvious dryness The affected branches look unhealthy.
Powdery Mildew,"After checking the field, I observed white fungal patches on upper leaves The problem is becoming more noticeable."
Aphid Infestation,Several plants have curled young leaves The problem is visible on the buds.
Whitefly Infestation,The field currently has plants with white insects clustered beneath foliage Plant growth is affected.
Sooty Mold,The crop condition includes dark coating around honeydew The symptoms are visible across several plants.
Whitefly Infestation,The plants currently have leaf yellowing with whiteflies The problem is visible on the stems.
Bacterial Leaf Spot,"During inspection, I found tiny dark lesions on young leaves The problem is becoming more noticeable."
Mosaic Virus,"During inspection, I found irregular leaf discoloration The affected leaves are showing damage."
Fusarium Wilt,I noticed persistent daytime wilt in the field The plant is losing vigor.
Stem Borer,"After checking the field, I observed sawdust near stem holes The symptoms are visible across several plants."
Rust,I can see rusty patches on foliage on the crop The plant is losing vigor.
Leaf Blight,The affected crop has irregular brown lesions The affected lower foliage are showing damage.
Aphid Infestation,The affected crop has sticky honeydew on foliage.
Bacterial Leaf Spot,There are clear signs of small water soaked spots on leaves.
Fruit Borer,I can see frass near fruit openings on the crop The problem is becoming more noticeable.
Bacterial Leaf Spot,The main symptom is wet looking lesions on foliage Plant growth is affected.
Bacterial Wilt,The affected crop has green leaves drooping rapidly The problem is visible on the stems.
Whitefly Infestation,The crop is developing white insects under leaves.
Sooty Mold,Many plants in the field show black patches on leaf surfaces Farmers are concerned about the crop condition.
Damping Off,The plants are showing rotting seedling bases The affected seedlings are showing damage.
Thrips Infestation,There are clear signs of black specks on leaves The plant is losing vigor.
Stem Borer,The plants have started showing holes in stems The problem is visible on the plant stalks.
Mosaic Virus,The crop appears to have vein clearing The plant is losing vigor.
Thrips Infestation,Several plants have silvery patches on foliage Plant growth is affected.
Leaf Curl,The crop shows leaves rolling inward The affected leaf margins look unhealthy.
Sooty Mold,The crop appears to have black patches on leaf surfaces The affected leaves are showing damage.
Bacterial Leaf Spot,The crop is developing black lesions on leaves The affected leaf margins are showing damage.
Bacterial Wilt,The affected plants are showing plant remaining wilted after watering The affected stems look unhealthy.
Bacterial Leaf Spot,Several plants have irregular spots spreading across leaves The problem is visible on the lower leaves.
Powdery Mildew,Field inspection revealed white fungal coating The plant is losing vigor.
Fungal Wilt,The farmer noticed one side of the plant wilting yesterday The problem is visible on the leaves.
Damping Off,The crop appears to have soft stems near the soil Affected seedlings are becoming weak.
Late Blight,The main symptom is blackened foliage The symptoms are visible across several plants.
Aphid Infestation,The crop appears to have distorted new growth.
Bacterial Leaf Spot,I can see tiny dark lesions on young leaves on the crop The plant is losing vigor.
Powdery Mildew,Many plants in the field show white fungal patches on upper leaves The problem is visible on the stems.
Leaf Curl,"After checking the field, I observed abnormally curled plant tips The problem is becoming more noticeable."
Mosaic Virus,The plants currently have patchy yellow patterns Leaf development is abnormal.
Sooty Mold,"During inspection, I found black growth on stems Farmers are concerned about the crop condition."
Fungal Wilt,The crop shows brown discoloration inside stems The problem is becoming more noticeable.
Damping Off,A noticeable problem is water soaked seedling stems Plant growth is affected.
Downy Mildew,Field inspection revealed irregular pale patches The problem is becoming more noticeable.
Downy Mildew,The field currently has plants with fuzzy growth beneath foliage The problem is becoming more noticeable.
Fusarium Wilt,Recently the plants developed brown streaks inside stems The symptoms are visible across several plants.
Nutrient Deficiency,The crop is developing yellow leaves Farmers are concerned about the crop condition.
Aphid Infestation,The field currently has plants with sticky residue on stems The problem is visible on the stems.
Late Blight,The plants currently have dark spots on stems.
Whitefly Infestation,There is an increasing problem with whitefly nymphs on leaf undersides Farmers are concerned about the crop condition.
Nutrient Deficiency,The plants are showing yellowing between leaf veins The affected older foliage are showing damage.
Fusarium Wilt,The farmer reports slow decline of the plant.
Late Blight,There are clear signs of large dark lesions on leaves Infected plant parts are turning dark.
Bacterial Leaf Spot,The crop condition includes yellow halos around leaf spots The problem is becoming more noticeable.
Downy Mildew,The affected crop has yellow patches on leaves Farmers are concerned about the crop condition.
Root Rot,The crop appears to have dark damaged roots Plant growth is affected.
Aphid Infestation,Many plants in the field show distorted new growth Plant growth is affected.
Fungal Wilt,The field currently has plants with yellowing foliage The plant is losing vigor.
Downy Mildew,The affected plants are showing yellow patches on leaves The symptoms are visible across several plants.
Bacterial Wilt,The field currently has plants with wilting during the daytime Plant growth is affected.
Fusarium Wilt,The crop appears to have one sided wilting Plant growth is affected.
Bacterial Leaf Spot,"During inspection, I found small water soaked spots on leaves The affected leaves are showing damage."
Leaf Blight,"During inspection, I found drying leaf tips The symptoms are visible across several plants."
Whitefly Infestation,There is an increasing problem with sticky honeydew from insects The problem is visible on the stems.
Fruit Borer,The farmer reports caterpillar inside the fruit The problem is becoming more noticeable.
Thrips Infestation,The leaves or stems show brown feeding marks The problem is becoming more noticeable.
Bacterial Wilt,The plants have started showing rapid plant collapse The affected stems look unhealthy.
Bacterial Leaf Spot,Recently the plants developed leaf spots becoming larger The problem is becoming more noticeable.
Leaf Blight,The plants are showing irregular brown lesions The problem is becoming more noticeable.
Rust,A noticeable problem is orange powder under leaves Plant growth is affected.
Bacterial Wilt,The affected crop has green leaves drooping rapidly The symptoms are visible across several plants.
Rust,Recently the plants developed reddish lesions.
Damping Off,I noticed young plants falling over in the field The problem is becoming more noticeable.
Fruit Borer,I can see frass near fruit openings on the crop.
Stem Borer,The leaves or stems show insect tunnels inside stems Farmers are concerned about the crop condition.
Leaf Blight,Many plants in the field show drying leaf tips The problem is visible on the leaves.
Powdery Mildew,Recently the plants developed dusty layer on leaves.
Late Blight,I can see brown lesions after wet weather on the crop The problem is visible on the lower foliage.
Sooty Mold,The plants have started showing sooty appearance on foliage The symptoms are visible across several plants.
Fruit Borer,"During inspection, I found holes in fruits The problem is becoming more noticeable."
Downy Mildew,The farmer reports grayish coating on leaf undersides.
Powdery Mildew,Field inspection revealed whitish coating on young shoots The problem is visible on the young shoots.
Leaf Curl,The affected crop has narrow distorted leaves Plant growth is affected.
Fungal Wilt,The plants are showing leaves wilting gradually.
Downy Mildew,The farmer reports irregular pale patches The symptoms are visible across several plants.
Leaf Curl,The crop condition includes young leaves becoming curled.
Downy Mildew,Field inspection revealed fuzzy growth beneath foliage The problem is becoming more noticeable.
Rust,A noticeable problem is rust colored pustules Plant growth is affected.
Bacterial Leaf Spot,The plants have started showing multiple dark spots on leaves Farmers are concerned about the crop condition.
Fruit Borer,There are clear signs of frass near fruit openings The affected fruits are showing damage.
Bacterial Leaf Spot,The plants have started showing wet looking lesions on foliage The affected leaf margins look unhealthy.
Fusarium Wilt,Recently the plants developed persistent daytime wilt The affected vascular tissue are showing damage.
Fungal Wilt,"After checking the field, I observed persistent wilting."
Root Rot,There are clear signs of soft rotten roots The symptoms are visible across several plants.
Fungal Wilt,The crop shows plant becoming weak The problem is becoming more noticeable.
Leaf Blight,Field inspection revealed blackish marks on leaves The affected leaf margins look unhealthy.
Leaf Curl,The leaves or stems show leaves rolling inward Plant growth is affected.
Bacterial Leaf Spot,The plants currently have yellow halos around leaf spots The problem is visible on the leaves.
Bacterial Leaf Spot,The crop condition includes irregular spots spreading across leaves Farmers are concerned about the crop condition.
Nutrient Deficiency,Several plants have pale green foliage The problem is visible on the stems.
Aphid Infestation,I noticed small green insects on young leaves in the field.
Nutrient Deficiency,The plants are showing young leaves remaining pale The affected stems are showing damage.
Fungal Wilt,Recently the plants developed leaves wilting gradually The problem is becoming more noticeable.
Late Blight,Several plants have dark spots on stems The affected fruits look unhealthy.
Root Rot,I noticed mushy root tissue in the field Affected plants may die.
Sooty Mold,Several plants have dark mold covering plant surfaces.
Leaf Curl,The main symptom is narrow distorted leaves Plant growth is affected.
Downy Mildew,Recently the plants developed gray fungal growth under leaves The problem is visible on the leaf undersides.
Leaf Curl,The crop is developing leaves folding along the edges.
Thrips Infestation,The affected plants are showing black specks on leaves The problem is becoming more noticeable.
Rust,The crop appears to have rust colored dust The symptoms are visible across several plants.
Leaf Blight,Many plants in the field show dry patches spreading Farmers are concerned about the crop condition.
Rust,Recently the plants developed reddish lesions The affected leaves are showing damage.
Damping Off,The affected plants are showing young seedlings suddenly dying.
Late Blight,Recently the plants developed large dark lesions on leaves Plant growth is affected.
Aphid Infestation,I noticed ants around the plant in the field The problem is becoming more noticeable.
Sooty Mold,Field inspection revealed sooty appearance on foliage The symptoms are visible across several plants.
Whitefly Infestation,I noticed leaf yellowing with whiteflies in the field The plant is losing vigor.
Bacterial Leaf Spot,The leaves or stems show black lesions on leaves The plant is losing vigor.
Bacterial Wilt,Recently the plants developed wilting during the daytime The problem is becoming more noticeable.
Fusarium Wilt,The plants have started showing leaf curling with wilt The plant is losing vigor.
Mosaic Virus,Field inspection revealed yellow green leaf markings Plant growth is affected.
Aphid Infestation,I can see soft bodied insects under leaves on the crop The symptoms are visible across several plants.
Damping Off,There is an increasing problem with water soaked seedling stems The plant is losing vigor.
Stem Borer,Field inspection revealed broken stems around bore holes Plant growth is interrupted.
Bacterial Leaf Spot,There are clear signs of wet looking lesions on foliage The symptoms are visible across several plants.
Sooty Mold,I noticed gray black film on leaves in the field The affected upper foliage look unhealthy.
Bacterial Leaf Spot,Field inspection revealed yellow halos around leaf spots The affected young foliage look unhealthy.
Powdery Mildew,Several plants have white fungal coating The symptoms are visible across several plants.
Late Blight,The plants currently have rapid leaf browning The problem is becoming more noticeable.
Stem Borer,The affected plants are showing dead central shoot The problem is visible on the stems.
Nutrient Deficiency,The farmer noticed weak stems yesterday Overall plant vigor is reduced.
Nutrient Deficiency,The crop shows weak stems The affected older foliage look unhealthy.
Powdery Mildew,The leaves or stems show flour like growth on leaves The problem is visible on the leaves.
Bacterial Wilt,The affected plants are showing plant remaining wilted after watering The plant is losing vigor.
Mosaic Virus,Field inspection revealed distorted leaves The problem is visible on the leaves.
Sooty Mold,A noticeable problem is black patches on leaf surfaces The affected stems look unhealthy.
Downy Mildew,The crop condition includes moist fungal growth.
Downy Mildew,The field currently has plants with moist fungal growth The plant is losing vigor.
Stem Borer,I noticed larvae inside stems in the field The affected plant stalks are showing damage.
Bacterial Wilt,The affected crop has leaves wilting without obvious dryness The problem is visible on the stems.
Rust,I can see rust colored pustules on the crop The affected lower foliage look unhealthy.
Root Rot,Several plants have poor root development The affected root tips look unhealthy.
Whitefly Infestation,The crop is developing leaf yellowing with whiteflies Leaves are becoming yellow.
Fusarium Wilt,The farmer reports brown streaks inside stems The affected stems are showing damage.
Fusarium Wilt,There are clear signs of slow decline of the plant The problem is becoming more noticeable.
Bacterial Leaf Spot,The plants currently have leaf spots becoming larger Farmers are concerned about the crop condition.
Mosaic Virus,The main symptom is distorted leaves The symptoms are visible across several plants.
Nutrient Deficiency,The plants have started showing pale green foliage The plant is losing vigor.
Root Rot,There is an increasing problem with plant wilting despite watering The symptoms are visible across several plants.
Fusarium Wilt,There is an increasing problem with one sided wilting The symptoms are visible across several plants.
Aphid Infestation,The main symptom is curled young leaves The affected stems are showing damage.
Downy Mildew,A noticeable problem is pale yellow leaf lesions.
Aphid Infestation,A noticeable problem is sticky residue on stems The affected young shoots look unhealthy.
Powdery Mildew,The affected crop has whitish coating on young shoots The affected leaves are showing damage.
Downy Mildew,The affected crop has yellowing foliage with gray growth The plant is losing vigor.
Powdery Mildew,The crop shows white fungal coating The affected upper foliage are showing damage.
Sooty Mold,Recently the plants developed dark fungal layer on foliage Affected leaves have reduced photosynthesis.
Late Blight,Recently the plants developed blackened foliage Farmers are concerned about the crop condition.
Mosaic Virus,The plants are showing distorted leaves New leaves are distorted.
Mosaic Virus,I can see mosaic markings on young leaves on the crop Farmers are concerned about the crop condition.
Downy Mildew,Many plants in the field show moist fungal growth Plant growth is affected.
Leaf Curl,Several plants have new growth becoming twisted Plant growth is affected.
Leaf Curl,Many plants in the field show leaves folding along the edges Plant growth is affected.
Late Blight,The affected plants are showing brown lesions after wet weather Plant growth is affected.
Fusarium Wilt,"During inspection, I found persistent daytime wilt The symptoms are visible across several plants."
Fruit Borer,The crop shows webbing near fruit holes The problem is becoming more noticeable.
Bacterial Wilt,The farmer reports stem discoloration The plant becomes severely weak.
Fungal Wilt,A noticeable problem is persistent wilting Growth is stunted.
Late Blight,I noticed rotting leaves in the field The plant is losing vigor.
Leaf Blight,Several plants have leaves becoming brittle The symptoms are visible across several plants.
Sooty Mold,Recently the plants developed black growth on stems Plant growth is affected.
Leaf Curl,"During inspection, I found young leaves becoming curled The affected leaf margins are showing damage."
Fungal Wilt,The plants have started showing brown discoloration inside stems Plant growth is affected.
Fusarium Wilt,There are clear signs of lower leaves becoming yellow Plant growth is affected.
Fusarium Wilt,The affected plants are showing leaf curling with wilt Plant growth is affected.
Powdery Mildew,Recently the plants developed white spots spreading across leaves The problem is becoming more noticeable.
Powdery Mildew,I noticed white growth on stems in the field The problem is visible on the young shoots.
Fungal Wilt,The crop is developing brown discoloration inside stems The problem is visible on the leaves.
Bacterial Leaf Spot,A noticeable problem is irregular spots spreading across leaves The affected young foliage are showing damage.
Bacterial Wilt,"During inspection, I found stem discoloration."
Fruit Borer,Several plants have caterpillar inside the fruit The affected fruit surface look unhealthy.
Late Blight,The crop is developing rotting leaves The affected lower foliage are showing damage.
Rust,The plants have started showing reddish brown spots Plant growth is affected.
Bacterial Leaf Spot,The farmer noticed black lesions on leaves yesterday.
Leaf Blight,The affected plants are showing dead tissue on foliage The problem is visible on the leaf margins.
Leaf Blight,The crop shows drying leaf tips The problem is visible on the leaves.
Sooty Mold,The farmer reports gray black film on leaves Plant growth is affected.
Damping Off,The crop is developing weak stems in young plants The affected seedlings look unhealthy.
Rust,The affected plants are showing rusty patches on foliage Plant growth is affected.
Damping Off,The plants currently have brown tissue around seedling bases The symptoms are visible across several plants.
Whitefly Infestation,The crop appears to have small white flies rising when disturbed The affected leaf undersides look unhealthy.
Rust,Many plants in the field show rust colored dust The plant is losing vigor.
Nutrient Deficiency,The farmer noticed poor leaf development yesterday The crop looks pale.
Fruit Borer,Field inspection revealed frass near fruit openings The symptoms are visible across several plants.
Nutrient Deficiency,There is an increasing problem with stunted plants.
Leaf Curl,The plants have started showing young leaves becoming curled The plant is losing vigor.
Stem Borer,There is an increasing problem with wilting central shoots The symptoms are visible across several plants.
Bacterial Wilt,"During inspection, I found plant remaining wilted after watering."
Fusarium Wilt,The crop appears to have brown vascular tissue The plant gradually loses vigor.
Mosaic Virus,The plants have started showing patchy yellow patterns The affected new shoots are showing damage.
Whitefly Infestation,The crop shows cloud of white insects The symptoms are visible across several plants.
Damping Off,The plants currently have rotting seedling bases The plant is losing vigor.
Whitefly Infestation,The leaves or stems show cloud of white insects The affected young foliage are showing damage.
Nutrient Deficiency,Recently the plants developed uniform leaf discoloration.
Fungal Wilt,The farmer reports drooping leaves Farmers are concerned about the crop condition.
Leaf Curl,I noticed curled leaf margins in the field The plant is losing vigor.
Rust,Recently the plants developed yellow orange pustules Farmers are concerned about the crop condition.
Damping Off,The affected plants are showing brown tissue around seedling bases The plant is losing vigor.
Damping Off,The affected plants are showing rotting seedling bases The affected seedling roots are showing damage.
Aphid Infestation,Recently the plants developed soft bodied insects under leaves Farmers are concerned about the crop condition.
Rust,There is an increasing problem with orange spots on leaves Affected leaves may dry.
Whitefly Infestation,Many plants in the field show white insects under leaves The problem is visible on the leaves.
Bacterial Wilt,Many plants in the field show branches becoming limp The problem is visible on the leaves.
Stem Borer,The plants have started showing wilting central shoots The affected stems are showing damage.
Bacterial Leaf Spot,The field currently has plants with yellow halos around leaf spots The problem is visible on the lower leaves.
Fusarium Wilt,Many plants in the field show slow decline of the plant Plant growth is affected.
Root Rot,The affected plants are showing soft rotten roots The plant is losing vigor.
Bacterial Wilt,Several plants have wilting during the daytime The problem is becoming more noticeable.
Mosaic Virus,The plants have started showing yellow green leaf markings The symptoms are visible across several plants.
Mosaic Virus,The farmer reports distorted leaves The problem is becoming more noticeable.
Damping Off,The affected plants are showing young seedlings suddenly dying Plant growth is affected.
Rust,The crop appears to have yellow orange pustules The symptoms are visible across several plants.
Bacterial Wilt,The main symptom is green leaves drooping rapidly The problem is becoming more noticeable.
Fusarium Wilt,The plants currently have slow decline of the plant The affected stems are showing damage.
Thrips Infestation,The crop is developing tiny insects on flowers The symptoms are visible across several plants.
Whitefly Infestation,A noticeable problem is white insects under leaves Plant growth is affected.
Sooty Mold,The plants have started showing dark coating around honeydew The problem is visible on the stems.
Damping Off,The crop appears to have soft stems near the soil The symptoms are visible across several plants.
Fusarium Wilt,The crop is developing leaf curling with wilt Farmers are concerned about the crop condition.
Root Rot,The crop shows dark damaged roots The problem is visible on the roots.
Downy Mildew,The plants currently have fuzzy growth beneath foliage.
Aphid Infestation,The crop condition includes small insects sucking plant sap The problem is becoming more noticeable.
Downy Mildew,The plants have started showing pale yellow leaf lesions The problem is becoming more noticeable.
Root Rot,The plants have started showing roots turning brown Plant growth is affected.
Thrips Infestation,The farmer reports distorted new growth Plant growth is affected.
Late Blight,The field currently has plants with dark patches with pale edges The plant is losing vigor.
Whitefly Infestation,There are clear signs of sticky honeydew from insects Plant growth is affected.
Mosaic Virus,"During inspection, I found light and dark green patches."
Fungal Wilt,The leaves or stems show brown discoloration inside stems The affected stems look unhealthy.
Mosaic Virus,The field currently has plants with patchy yellow patterns The affected new shoots are showing damage.
Bacterial Wilt,There is an increasing problem with plant remaining wilted after watering Farmers are concerned about the crop condition.
Thrips Infestation,Several plants have brown feeding marks The plant is losing vigor.
Nutrient Deficiency,I noticed uniform leaf discoloration in the field Leaf development is poor.
Stem Borer,The plants have started showing sawdust near stem holes The affected stems are showing damage.
Sooty Mold,The plants have started showing sticky leaves covered with dark mold The problem is becoming more noticeable.
Sooty Mold,The farmer noticed sticky leaves covered with dark mold yesterday The problem is visible on the stems.
Mosaic Virus,"During inspection, I found irregular leaf discoloration The problem is becoming more noticeable."
Bacterial Leaf Spot,I noticed brown patches surrounded by yellow tissue in the field Plant growth is affected.
Downy Mildew,I can see yellow patches on leaves on the crop Plant growth is affected.
Damping Off,The farmer noticed weak stems in young plants yesterday The affected plant base look unhealthy.
Leaf Blight,There is an increasing problem with dry patches spreading Farmers are concerned about the crop condition.
Fungal Wilt,"During inspection, I found plant becoming weak The affected leaves look unhealthy."
Fungal Wilt,The main symptom is lower leaves turning yellow The affected leaves are showing damage.
Thrips Infestation,The crop condition includes scarring on young leaves The problem is visible on the young shoots.
Leaf Blight,The leaves or stems show large brown patches The affected leaf margins are showing damage.
Mosaic Virus,The crop condition includes patchy yellow patterns The symptoms are visible across several plants.
Root Rot,There are clear signs of bad smell from roots Farmers are concerned about the crop condition.
Bacterial Wilt,The plants currently have plant remaining wilted after watering The problem is becoming more noticeable.
Downy Mildew,Many plants in the field show yellow patches on leaves The problem is visible on the lower leaves.
Bacterial Leaf Spot,The crop is developing irregular spots spreading across leaves The problem is becoming more noticeable.
Fungal Wilt,The plants currently have lower leaves turning yellow The affected stems look unhealthy.
Mosaic Virus,"During inspection, I found mosaic markings on young leaves The affected plant tips are showing damage."
Rust,The leaves or stems show rust colored dust The affected lower foliage are showing damage.
Stem Borer,"After checking the field, I observed hollow stems The problem is visible on the main branches."
Mosaic Virus,Recently the plants developed mottled foliage Leaf development is abnormal.
Sooty Mold,Field inspection revealed dark coating around honeydew Plant growth is affected.
Fruit Borer,The plants currently have damaged young fruits The affected fruit surface are showing damage.
Bacterial Leaf Spot,Field inspection revealed irregular spots spreading across leaves The problem is becoming more noticeable.
Whitefly Infestation,The crop is developing tiny white insects flying around leaves The problem is becoming more noticeable.
Root Rot,There is an increasing problem with poor root development The affected root tips look unhealthy.
Powdery Mildew,I noticed white fungal patches on upper leaves in the field The problem is becoming more noticeable.
Powdery Mildew,The farmer reports white powder on leaves Farmers are concerned about the crop condition.
Thrips Infestation,"After checking the field, I observed distorted new growth The affected young shoots are showing damage."
Aphid Infestation,The crop is developing ants around the plant The affected young shoots look unhealthy.
Powdery Mildew,The crop appears to have white fungal coating The affected stems are showing damage.
Fusarium Wilt,The affected crop has slow decline of the plant The affected whole plant are showing damage.
Bacterial Wilt,The crop condition includes branches becoming limp.
Aphid Infestation,The crop condition includes sticky residue on stems The problem is becoming more noticeable.
Bacterial Wilt,The crop appears to have vascular discoloration inside stems.
Stem Borer,The plants are showing holes in stems The problem is visible on the main branches.
Bacterial Wilt,"During inspection, I found branches becoming limp Farmers are concerned about the crop condition."
Stem Borer,The farmer noticed yellowing above damaged stems yesterday Farmers are concerned about the crop condition.
Leaf Blight,The plants are showing large brown patches Leaves are drying.
Fruit Borer,The plants currently have webbing near fruit holes The problem is becoming more noticeable.
Root Rot,The crop is developing poor root development The problem is becoming more noticeable.
Bacterial Leaf Spot,Recently the plants developed leaf spots becoming larger Farmers are concerned about the crop condition.
Thrips Infestation,The farmer noticed distorted new growth yesterday.
Bacterial Leaf Spot,"During inspection, I found multiple dark spots on leaves The affected young foliage are showing damage."
Damping Off,Several plants have weak stems in young plants The affected young stems are showing damage.
Late Blight,The plants have started showing large dark lesions on leaves The symptoms are visible across several plants.
Damping Off,Recently the plants developed water soaked seedling stems The problem is becoming more noticeable.
Damping Off,"During inspection, I found water soaked seedling stems."
Fungal Wilt,The affected crop has plant becoming weak The problem is visible on the stems.
Sooty Mold,There is an increasing problem with black growth on stems Farmers are concerned about the crop condition.
Root Rot,Many plants in the field show soft rotten roots The affected underground roots look unhealthy.
Damping Off,I noticed seedlings collapsing in the field The problem is becoming more noticeable.
Thrips Infestation,I can see black specks on leaves on the crop The affected leaves are showing damage.
Mosaic Virus,Recently the plants developed distorted leaves Plant growth is stunted.
Root Rot,I can see dark damaged roots on the crop The symptoms are visible across several plants.
Damping Off,The farmer reports water soaked seedling stems The plant is losing vigor.
Sooty Mold,The plants currently have black coating on leaves.
Leaf Blight,The main symptom is drying leaf tips Leaves are drying.
Root Rot,The farmer noticed black roots yesterday The affected root tips look unhealthy.
Leaf Curl,The crop condition includes twisted shoots The problem is becoming more noticeable.
Sooty Mold,The field currently has plants with gray black film on leaves Leaves receive less sunlight.
Root Rot,Field inspection revealed mushy root tissue Farmers are concerned about the crop condition.
Nutrient Deficiency,The main symptom is poor leaf development Overall plant vigor is reduced.
Fusarium Wilt,The leaves or stems show persistent daytime wilt The problem is becoming more noticeable.
Rust,The crop appears to have rusty patches on foliage The affected leaf surfaces are showing damage.
Downy Mildew,A noticeable problem is angular yellow spots Farmers are concerned about the crop condition.
Leaf Blight,I noticed irregular brown lesions in the field The damaged area is increasing.
Root Rot,Many plants in the field show soft rotten roots The problem is visible on the underground roots.
Rust,I can see yellow orange pustules on the crop Plant vigor is decreasing.
Mosaic Virus,There are clear signs of distorted leaves The problem is becoming more noticeable.
Stem Borer,There is an increasing problem with holes in stems The affected central shoots are showing damage.
Fruit Borer,Many plants in the field show dark entry holes Plant growth is affected.
Nutrient Deficiency,The leaves or stems show young leaves remaining pale The plant is losing vigor.
Nutrient Deficiency,The main symptom is uniform leaf discoloration The symptoms are visible across several plants.
Leaf Blight,There are clear signs of irregular brown lesions Farmers are concerned about the crop condition.
Thrips Infestation,The affected crop has damaged flower petals The problem is becoming more noticeable.
Mosaic Virus,The crop condition includes vein clearing New leaves are distorted.
Fruit Borer,The crop shows rotting around insect holes Farmers are concerned about the crop condition.
Whitefly Infestation,"After checking the field, I observed leaf yellowing with whiteflies Plant growth is affected."
Powdery Mildew,I noticed powder like substance on foliage in the field The plant is losing vigor.
Mosaic Virus,The plants have started showing mosaic pattern on leaves The affected new shoots are showing damage.
Whitefly Infestation,There are clear signs of small white insects on plant leaves Farmers are concerned about the crop condition.
Aphid Infestation,Several plants have sticky honeydew on foliage The problem is visible on the leaves.
Fruit Borer,The leaves or stems show frass near fruit openings The affected fruits are showing damage.
Damping Off,The affected crop has water soaked seedling stems Plant growth is affected.
Fruit Borer,Many plants in the field show early fruit dropping The problem is visible on the fruit surface.
Downy Mildew,There is an increasing problem with angular yellow spots The symptoms are visible across several plants.
Rust,I can see rust colored pustules on the crop The problem is visible on the lower foliage.
Sooty Mold,The affected plants are showing gray black film on leaves The problem is visible on the leaves.
Rust,The crop condition includes orange powder under leaves The symptoms are visible across several plants.
Nutrient Deficiency,The plants currently have stunted plants The plant is losing vigor.
Fungal Wilt,The crop is developing slow plant decline The problem is visible on the leaves.
Nutrient Deficiency,Recently the plants developed weak stems The problem is visible on the young leaves.
Late Blight,The crop shows water soaked leaf patches Leaves are dying quickly.
Rust,The leaves or stems show orange powder under leaves The symptoms are visible across several plants.
Fruit Borer,Field inspection revealed rotting around insect holes The affected fruits are showing damage.
Mosaic Virus,The plants are showing irregular leaf discoloration The problem is visible on the new shoots.
Thrips Infestation,A noticeable problem is silvery patches on foliage The problem is becoming more noticeable.
Fungal Wilt,The leaves or stems show leaves wilting gradually The symptoms are visible across several plants.
Fusarium Wilt,The crop is developing gradual plant wilting Plant growth is affected.
Nutrient Deficiency,The main symptom is pale green foliage The symptoms are visible across several plants.
Powdery Mildew,The affected plants are showing powdery patches on foliage Affected leaves are becoming weak.
Aphid Infestation,There are clear signs of sticky honeydew on foliage The affected buds look unhealthy.
Bacterial Wilt,The plants have started showing branches becoming limp The problem is visible on the branches.
Sooty Mold,The leaves or stems show sooty appearance on foliage Farmers are concerned about the crop condition.
Root Rot,The plants have started showing bad smell from roots The symptoms are visible across several plants.
Fruit Borer,The plants are showing fruit pulp being eaten The problem is visible on the fruit pulp.
Root Rot,Recently the plants developed mushy root tissue The plant cannot absorb enough water.
Stem Borer,The affected plants are showing dead central shoot The plant is losing vigor.
Bacterial Wilt,Field inspection revealed branches becoming limp The symptoms are visible across several plants.
Thrips Infestation,The main symptom is damaged flower petals The problem is becoming more noticeable.
Damping Off,The plants currently have brown tissue around seedling bases The affected seedling roots are showing damage.
Thrips Infestation,The plants currently have tiny insects on flowers Affected foliage is becoming weak.
Fruit Borer,The crop appears to have dark entry holes Farmers are concerned about the crop condition.
Powdery Mildew,I can see powdery patches on foliage on the crop The symptoms are visible across several plants.
Powdery Mildew,I noticed white fungal patches on upper leaves in the field The white coating is spreading.
Powdery Mildew,The crop is developing flour like growth on leaves Plant growth is affected.
Downy Mildew,The affected crop has yellow patches on leaves The affected young foliage are showing damage.
Damping Off,The field currently has plants with seedlings dying soon after emergence The symptoms are visible across several plants.
Rust,I noticed rusty patches on foliage in the field The affected lower foliage are showing damage.
Powdery Mildew,Recently the plants developed white powder on leaves Plant growth is affected.
Fruit Borer,Many plants in the field show caterpillar inside the fruit Farmers are concerned about the crop condition.
Fungal Wilt,Several plants have yellowing foliage Growth is stunted.
Downy Mildew,The crop appears to have yellow areas between leaf veins The affected young foliage look unhealthy.
Fungal Wilt,The affected plants are showing brown discoloration inside stems The affected stems look unhealthy.
Stem Borer,I noticed yellowing above damaged stems in the field The problem is visible on the main branches.
Thrips Infestation,The crop shows scarring on young leaves The affected leaves look unhealthy.
Stem Borer,The crop is developing holes in stems The symptoms are visible across several plants.
Leaf Blight,The leaves or stems show large brown patches The affected lower foliage look unhealthy.
Leaf Curl,Many plants in the field show leaves curling upward The symptoms are visible across several plants.
Rust,The crop appears to have rusty patches on foliage Plant growth is affected.
Nutrient Deficiency,The farmer noticed older leaves turning yellow yesterday The affected older foliage are showing damage.
Downy Mildew,The farmer noticed yellow patches on leaves yesterday The symptoms are visible across several plants.
Stem Borer,Several plants have yellowing above damaged stems The problem is becoming more noticeable.
Damping Off,Field inspection revealed weak stems in young plants The symptoms are visible across several plants.
Aphid Infestation,Several plants have yellowing leaves The affected buds are showing damage.
Damping Off,Many plants in the field show seedlings collapsing The problem is visible on the seedling roots.
Downy Mildew,The crop condition includes irregular pale patches Plant growth is affected.
Fruit Borer,The field currently has plants with webbing near fruit holes The symptoms are visible across several plants.
Sooty Mold,I noticed black coating on leaves in the field The affected stems are showing damage.
Late Blight,There is an increasing problem with rotting leaves Plant growth is affected.
Fusarium Wilt,The affected plants are showing brown streaks inside stems The problem is becoming more noticeable.
Thrips Infestation,The plants currently have silver streaks on leaves Plant growth is affected.
Rust,The plants are showing small orange fungal spots Farmers are concerned about the crop condition.
Whitefly Infestation,The affected crop has cloud of white insects The plant is losing vigor.
Late Blight,The affected crop has water soaked leaf patches The symptoms are visible across several plants.
Sooty Mold,The leaves or stems show black growth on stems The plant is losing vigor.
Thrips Infestation,There are clear signs of leaf curling with insects The problem is becoming more noticeable.
Stem Borer,Several plants have wilting central shoots The affected main branches look unhealthy.
Sooty Mold,"After checking the field, I observed black patches on leaf surfaces The problem is visible on the plant surfaces."
Leaf Curl,I can see abnormally curled plant tips on the crop The affected new shoots are showing damage.
Late Blight,I noticed blackened foliage in the field.
Sooty Mold,Recently the plants developed black soot like material The symptoms are visible across several plants.
Bacterial Leaf Spot,The field currently has plants with tiny dark lesions on young leaves The problem is visible on the leaves.
Mosaic Virus,The main symptom is patchy yellow patterns The problem is visible on the leaves.
Aphid Infestation,There are clear signs of ants around the plant The problem is becoming more noticeable.
Fruit Borer,The crop condition includes frass near fruit openings Farmers are concerned about the crop condition.
Bacterial Wilt,Several plants have wilting during the daytime Farmers are concerned about the crop condition.
Fruit Borer,There are clear signs of caterpillar inside the fruit Farmers are concerned about the crop condition.
Nutrient Deficiency,The farmer noticed weak stems yesterday The problem is visible on the stems.
Damping Off,Many plants in the field show rotting seedling bases The nursery has many collapsed seedlings.
Aphid Infestation,A noticeable problem is tiny insects clustered around shoots The problem is visible on the buds.
Leaf Curl,"During inspection, I found leaves rolling inward The plant is losing vigor."
Sooty Mold,The crop shows black patches on leaf surfaces The affected leaves look unhealthy.
Late Blight,The main symptom is white fungal growth during humid weather Farmers are concerned about the crop condition.
Leaf Blight,Recently the plants developed leaf edges turning brown The plant is losing vigor.
Bacterial Leaf Spot,The affected crop has brown patches surrounded by yellow tissue The affected lower leaves are showing damage.
Late Blight,The crop is developing brown lesions spreading quickly.
Thrips Infestation,There are clear signs of silvery patches on foliage.
Powdery Mildew,Recently the plants developed white fungal patches on upper leaves The problem is becoming more noticeable.
Stem Borer,"During inspection, I found broken stems around bore holes."
Fusarium Wilt,There are clear signs of brown vascular tissue Plant growth is affected.
Fusarium Wilt,"After checking the field, I observed stem discoloration The problem is visible on the whole plant."
Mosaic Virus,The plants are showing patchy yellow patterns Farmers are concerned about the crop condition.
Fruit Borer,The crop condition includes damaged young fruits Plant growth is affected.
Mosaic Virus,The affected plants are showing uneven green coloration Plant growth is affected.
Sooty Mold,There is an increasing problem with sooty appearance on foliage.
Damping Off,"During inspection, I found water soaked seedling stems The symptoms are visible across several plants."
Stem Borer,The leaves or stems show insect tunnels inside stems The plant is losing vigor.
Aphid Infestation,The affected plants are showing small insects sucking plant sap The affected stems are showing damage.
Rust,The plants currently have yellow orange pustules.
Leaf Curl,The crop condition includes leaves folding along the edges Plant growth is affected.
Downy Mildew,Field inspection revealed yellow patches on leaves.
Leaf Blight,"During inspection, I found leaf edges turning brown."
Fungal Wilt,Many plants in the field show leaves wilting gradually The plant is losing vigor.
Fusarium Wilt,The main symptom is yellowing of older leaves The problem is visible on the whole plant.
Nutrient Deficiency,There is an increasing problem with poor leaf development.
Mosaic Virus,The plants have started showing mosaic pattern on leaves The problem is visible on the young foliage.
Sooty Mold,A noticeable problem is black patches on leaf surfaces The plant is losing vigor.
Stem Borer,The crop appears to have hollow stems Plant growth is interrupted.
Leaf Blight,Recently the plants developed dark lesions on foliage The affected leaf margins are showing damage.
Damping Off,The affected crop has brown tissue around seedling bases The affected seedlings are showing damage.
Damping Off,There is an increasing problem with seedlings dying soon after emergence Plant growth is affected.
Powdery Mildew,I noticed white fungal patches on upper leaves in the field Plant growth is affected.
Whitefly Infestation,Several plants have sticky honeydew from insects Insect numbers are increasing.
Aphid Infestation,The plants have started showing yellowing leaves Farmers are concerned about the crop condition.
Root Rot,Several plants have bad smell from roots The affected underground roots are showing damage.
Nutrient Deficiency,The field currently has plants with poor leaf development The affected older foliage are showing damage.
Stem Borer,Field inspection revealed wilting central shoots The symptoms are visible across several plants.
Bacterial Wilt,I can see wilting during the daytime on the crop The crop is losing vigor.
Bacterial Wilt,Several plants have rapid plant collapse The affected leaves look unhealthy.
Sooty Mold,The plants currently have black soot like material Plant growth is affected.
Whitefly Infestation,The plants currently have white insects under leaves Insect numbers are increasing.
Mosaic Virus,I noticed uneven green coloration in the field The affected young foliage are showing damage.
Downy Mildew,There are clear signs of irregular pale patches Plant growth is slowing.
Fruit Borer,The farmer reports webbing near fruit holes Plant growth is affected.
Whitefly Infestation,The leaves or stems show white insects clustered beneath foliage The problem is visible on the stems.
Downy Mildew,Recently the plants developed gray fungal growth under leaves Yellow patches are spreading.
Fusarium Wilt,The leaves or stems show one sided wilting The problem is visible on the whole plant.
Stem Borer,The crop appears to have yellowing above damaged stems The problem is visible on the stems.
Rust,Recently the plants developed orange spots on leaves Plant growth is affected.
Nutrient Deficiency,The plants are showing pale green foliage The plant is losing vigor.
Fusarium Wilt,The crop is developing yellowing of older leaves The problem is becoming more noticeable.
Fusarium Wilt,The leaves or stems show brown vascular tissue The affected lower leaves look unhealthy.
Rust,The affected crop has reddish brown spots The plant is losing vigor.
Bacterial Wilt,The crop condition includes leaves wilting without obvious dryness The plant becomes severely weak.
Thrips Infestation,The leaves or stems show damaged flower petals The problem is becoming more noticeable.
Root Rot,The farmer reports roots turning brown The problem is visible on the plant base.
Powdery Mildew,I noticed powdery patches on foliage in the field The plant is losing vigor.
Bacterial Leaf Spot,The main symptom is multiple dark spots on leaves The affected leaves look unhealthy.
Bacterial Wilt,There is an increasing problem with stem discoloration The problem is visible on the branches.
Root Rot,"During inspection, I found roots turning brown Plant growth is weak."
Fungal Wilt,The plants currently have one side of the plant wilting Plant growth is affected.
Thrips Infestation,"After checking the field, I observed tiny insects on flowers The affected buds look unhealthy."
Leaf Curl,A noticeable problem is leaves folding along the edges The plant is losing vigor.
Fruit Borer,"After checking the field, I observed holes in fruits The problem is visible on the young fruits."
Whitefly Infestation,The plants have started showing sticky leaves The symptoms are visible across several plants.
Rust,The main symptom is yellow orange pustules Farmers are concerned about the crop condition.
Bacterial Wilt,Field inspection revealed green leaves drooping rapidly The plant is losing vigor.
Nutrient Deficiency,The farmer noticed poor leaf development yesterday Plant growth is affected.
Fruit Borer,The crop is developing damaged young fruits The problem is becoming more noticeable.
Leaf Blight,The crop shows drying leaf tips The problem is becoming more noticeable.
Fruit Borer,The farmer noticed fruit pulp being eaten yesterday The affected fruit surface look unhealthy.
Downy Mildew,"After checking the field, I observed yellow patches on leaves Farmers are concerned about the crop condition."
Fungal Wilt,The crop condition includes one side of the plant wilting The affected roots are showing damage.
Powdery Mildew,Many plants in the field show white fungal coating The problem is becoming more noticeable.
Root Rot,Recently the plants developed plant wilting despite watering The symptoms are visible across several plants.
Aphid Infestation,The leaves or stems show soft bodied insects under leaves The symptoms are visible across several plants.
Aphid Infestation,The crop shows yellowing leaves Farmers are concerned about the crop condition.
Damping Off,The crop shows rotting seedling bases The symptoms are visible across several plants.
Aphid Infestation,The field currently has plants with sticky residue on stems The affected leaves are showing damage.
Fungal Wilt,The field currently has plants with plant becoming weak The problem is visible on the roots.
Fruit Borer,The plants are showing dark entry holes Farmers are concerned about the crop condition.
Sooty Mold,I noticed dark mold covering plant surfaces in the field The plant is losing vigor.
Fusarium Wilt,I can see slow decline of the plant on the crop The problem is becoming more noticeable.
Fruit Borer,The leaves or stems show damaged young fruits The problem is visible on the young fruits.
Thrips Infestation,A noticeable problem is scarring on young leaves The affected flowers are showing damage.
Rust,Recently the plants developed small orange fungal spots Farmers are concerned about the crop condition.
Stem Borer,The plants are showing frass coming from stem openings Farmers are concerned about the crop condition.
Fungal Wilt,The crop appears to have yellowing foliage Farmers are concerned about the crop condition.
Bacterial Leaf Spot,I can see black lesions on leaves on the crop The affected young foliage look unhealthy.
Powdery Mildew,The affected plants are showing white powder on leaves.
Late Blight,The affected plants are showing water soaked leaf patches The problem is becoming more noticeable.
Leaf Curl,A noticeable problem is leaves folding along the edges The affected young leaves are showing damage.
Bacterial Leaf Spot,Recently the plants developed wet looking lesions on foliage The affected lower leaves are showing damage.
Rust,A noticeable problem is small orange fungal spots The plant is losing vigor.
Late Blight,Several plants have water soaked leaf patches Farmers are concerned about the crop condition.
Fungal Wilt,The crop appears to have leaves wilting gradually Plant growth is affected.
Downy Mildew,The plants have started showing pale yellow leaf lesions Affected leaves are becoming weak.
Downy Mildew,"During inspection, I found yellow areas between leaf veins Leaves are losing their healthy appearance."
Nutrient Deficiency,The field currently has plants with weak stems The plant is losing vigor.
Stem Borer,The crop condition includes frass coming from stem openings The symptoms are visible across several plants.
Leaf Curl,The leaves or stems show leaves rolling inward The problem is becoming more noticeable.
Late Blight,The plants currently have white fungal growth during humid weather The affected stems are showing damage.
Fusarium Wilt,The main symptom is brown vascular tissue The plant is losing vigor.
Sooty Mold,The crop shows sooty appearance on foliage The plant is losing vigor.
Bacterial Leaf Spot,I noticed wet looking lesions on foliage in the field The problem is becoming more noticeable.
Downy Mildew,The crop shows yellow patches on leaves The affected leaves are showing damage.
Sooty Mold,There are clear signs of gray black film on leaves Plant growth is affected.
Aphid Infestation,"During inspection, I found sticky honeydew on foliage The plant is losing vigor."
Late Blight,The plants are showing rotting leaves The symptoms are visible across several plants.
Stem Borer,"During inspection, I found sawdust near stem holes Plant growth is affected."
Damping Off,The crop condition includes young seedlings suddenly dying Plant growth is affected.
Stem Borer,The crop is developing insect tunnels inside stems The affected stems look unhealthy.
Aphid Infestation,The plants have started showing small insects sucking plant sap The affected stems are showing damage.
Late Blight,Recently the plants developed dark patches with pale edges The disease is spreading rapidly.
Bacterial Wilt,The plants have started showing vascular discoloration inside stems The plant does not recover after watering.
Bacterial Wilt,Recently the plants developed green leaves drooping rapidly Farmers are concerned about the crop condition.
Downy Mildew,The affected crop has yellow areas between leaf veins The plant is losing vigor.
Whitefly Infestation,The crop condition includes white insects under leaves The problem is becoming more noticeable.
Sooty Mold,The farmer noticed dark fungal layer on foliage yesterday The affected plant surfaces look unhealthy.
Nutrient Deficiency,"During inspection, I found young leaves remaining pale Plant growth is affected."
Nutrient Deficiency,Field inspection revealed slow plant growth.
Damping Off,The leaves or stems show soft stems near the soil The problem is visible on the young stems.
Damping Off,The crop is developing soft stems near the soil The affected seedling roots look unhealthy.
Nutrient Deficiency,The crop condition includes slow plant growth The plant is losing vigor.
Sooty Mold,Several plants have black soot like material The symptoms are visible across several plants.
Root Rot,Several plants have soft rotten roots The affected root tips look unhealthy.
Bacterial Wilt,A noticeable problem is green leaves drooping rapidly The affected leaves are showing damage.
Root Rot,The main symptom is plant easily pulling from soil The affected root tips are showing damage.
Leaf Blight,The crop shows dead tissue on foliage The affected leaf tips look unhealthy.
Rust,Several plants have orange spots on leaves The affected leaves are showing damage.
Root Rot,The crop shows bad smell from roots The affected root tips look unhealthy.
Sooty Mold,The plants are showing black growth on stems The symptoms are visible across several plants.
Stem Borer,"After checking the field, I observed sawdust near stem holes Plant growth is interrupted."
Whitefly Infestation,Field inspection revealed cloud of white insects The problem is becoming more noticeable.
Fruit Borer,The plants are showing damaged young fruits The affected young fruits are showing damage.
Bacterial Wilt,The plants are showing whole plant losing firmness The affected leaves are showing damage.
Fruit Borer,Many plants in the field show rotting around insect holes The problem is visible on the fruit pulp.
Sooty Mold,Recently the plants developed black patches on leaf surfaces Leaves receive less sunlight.
Damping Off,I noticed water soaked seedling stems in the field The problem is visible on the seedlings.
Stem Borer,The field currently has plants with holes in stems The affected stems look unhealthy.
Damping Off,The farmer reports brown tissue around seedling bases The affected seedling roots look unhealthy.
Nutrient Deficiency,A noticeable problem is stunted plants The symptoms are visible across several plants.
Fruit Borer,The field currently has plants with holes in fruits The affected fruits look unhealthy.
Late Blight,The affected crop has brown lesions spreading quickly The problem is becoming more noticeable.
Whitefly Infestation,The affected crop has small white flies rising when disturbed The problem is visible on the leaf undersides.
Leaf Blight,A noticeable problem is blackish marks on leaves The problem is becoming more noticeable.
Stem Borer,Many plants in the field show frass coming from stem openings Plant growth is affected.
Fruit Borer,The farmer noticed insect larvae inside fruits yesterday The plant is losing vigor.
Leaf Blight,There is an increasing problem with large brown patches Farmers are concerned about the crop condition.
Late Blight,The main symptom is water soaked leaf patches Farmers are concerned about the crop condition.
Aphid Infestation,I can see small green insects on young leaves on the crop The problem is becoming more noticeable.
Nutrient Deficiency,The affected plants are showing stunted plants The problem is becoming more noticeable.
Late Blight,The farmer reports brown lesions spreading quickly The problem is visible on the lower foliage.
Fusarium Wilt,The farmer noticed brown vascular tissue yesterday The affected lower leaves look unhealthy.
Powdery Mildew,The crop appears to have white powder on leaves New shoots are becoming affected.
Bacterial Leaf Spot,The plants are showing dark brown spots on foliage Farmers are concerned about the crop condition.
Downy Mildew,The crop shows moist fungal growth Yellow patches are spreading.
Root Rot,The crop condition includes black roots The symptoms are visible across several plants.
Aphid Infestation,The leaves or stems show yellowing leaves The problem is becoming more noticeable.
Leaf Curl,"After checking the field, I observed narrow distorted leaves Plant growth is affected."
Fusarium Wilt,The affected crop has leaf curling with wilt The plant is losing vigor.
Rust,Field inspection revealed reddish brown spots The symptoms are visible across several plants.
Stem Borer,The farmer noticed frass coming from stem openings yesterday Plant growth is affected.
Aphid Infestation,The leaves or stems show sticky residue on stems The affected stems look unhealthy.
Bacterial Wilt,The crop shows leaves wilting without obvious dryness.
Bacterial Wilt,The farmer reports whole plant losing firmness The affected branches look unhealthy.
Bacterial Wilt,I noticed leaves wilting without obvious dryness in the field The plant does not recover after watering.
Fusarium Wilt,The crop is developing lower leaves becoming yellow.
Root Rot,The farmer reports poor root development The affected roots are showing damage.
Leaf Curl,The farmer reports distorted foliage The problem is visible on the leaf margins.
Late Blight,The main symptom is rapid leaf browning.
Fungal Wilt,The farmer reports plant becoming weak Plant growth is affected.
Bacterial Wilt,I can see rapid plant collapse on the crop The crop is losing vigor.
Sooty Mold,The crop shows dark mold covering plant surfaces Farmers are concerned about the crop condition.
Powdery Mildew,The farmer reports flour like growth on leaves.
Rust,The farmer reports reddish brown spots The plant is losing vigor.
Thrips Infestation,The farmer noticed black specks on leaves yesterday Farmers are concerned about the crop condition.
Whitefly Infestation,There is an increasing problem with white insects clustered beneath foliage.
Rust,Field inspection revealed orange spots on leaves Farmers are concerned about the crop condition.
Whitefly Infestation,There are clear signs of sticky honeydew from insects.
Fruit Borer,"After checking the field, I observed frass near fruit openings."
Powdery Mildew,Many plants in the field show whitish coating on young shoots The problem is visible on the leaves.
Leaf Blight,Many plants in the field show blackish marks on leaves Farmers are concerned about the crop condition.
Downy Mildew,Many plants in the field show yellow patches on leaves Plant growth is slowing.
Powdery Mildew,The affected plants are showing powder like substance on foliage The affected young shoots are showing damage.
Damping Off,The farmer reports rotting seedling bases Farmers are concerned about the crop condition.
Aphid Infestation,The main symptom is small insects sucking plant sap The problem is becoming more noticeable.
Fungal Wilt,The farmer reports leaves wilting gradually The problem is visible on the leaves.
Late Blight,"After checking the field, I observed brown lesions after wet weather The affected lower foliage are showing damage."
Late Blight,The crop is developing water soaked leaf patches Plant growth is affected.
Whitefly Infestation,Many plants in the field show small white flies rising when disturbed The symptoms are visible across several plants.
Aphid Infestation,"During inspection, I found small insects sucking plant sap."
Fruit Borer,The plants currently have webbing near fruit holes Farmers are concerned about the crop condition.
Damping Off,The affected crop has water soaked seedling stems The affected seedlings look unhealthy.
Bacterial Wilt,The affected crop has whole plant losing firmness The symptoms are visible across several plants.
Downy Mildew,The crop appears to have grayish coating on leaf undersides The symptoms are visible across several plants.
Root Rot,The leaves or stems show poor root development.
Thrips Infestation,Many plants in the field show scarring on young leaves The affected young shoots are showing damage.
Aphid Infestation,There are clear signs of distorted new growth The problem is visible on the buds.
Stem Borer,The plants currently have holes in stems The symptoms are visible across several plants.
Rust,The leaves or stems show orange spots on leaves The symptoms are visible across several plants.
Thrips Infestation,Field inspection revealed black specks on leaves The plant is losing vigor.
Damping Off,The farmer noticed young seedlings suddenly dying yesterday The problem is becoming more noticeable.
Late Blight,I noticed water soaked leaf patches in the field Farmers are concerned about the crop condition.
Rust,The affected plants are showing small orange fungal spots Plant growth is affected.
Sooty Mold,The crop condition includes dark fungal layer on foliage The problem is becoming more noticeable.
Bacterial Wilt,The farmer noticed green leaves drooping rapidly yesterday The problem is visible on the leaves.
Stem Borer,The field currently has plants with sawdust near stem holes Plant growth is affected.
Whitefly Infestation,"After checking the field, I observed whitefly nymphs on leaf undersides The affected young foliage look unhealthy."
Damping Off,I noticed water soaked seedling stems in the field The symptoms are visible across several plants.
Late Blight,The plants have started showing dark spots on stems The affected leaves look unhealthy.
Fusarium Wilt,The crop condition includes one sided wilting The problem is visible on the lower leaves.
Rust,Recently the plants developed rusty patches on foliage Plant growth is affected.
Fusarium Wilt,The plants currently have brown streaks inside stems The affected lower leaves look unhealthy.
Late Blight,A noticeable problem is water soaked leaf patches The plant is losing vigor.
Leaf Blight,The farmer noticed leaf edges turning brown yesterday Plant growth is affected.
Downy Mildew,The main symptom is yellow areas between leaf veins The plant is losing vigor.
Fruit Borer,Several plants have insect larvae inside fruits Many young fruits are falling.
Powdery Mildew,The crop shows white spots spreading across leaves Farmers are concerned about the crop condition.
Stem Borer,Several plants have broken stems around bore holes The affected plant stalks look unhealthy.
Whitefly Infestation,The main symptom is leaf yellowing with whiteflies Plant growth is affected.
Leaf Blight,The affected plants are showing irregular brown lesions The symptoms are visible across several plants.
Bacterial Wilt,The plants are showing plant remaining wilted after watering The affected leaves look unhealthy.
Late Blight,The farmer reports rapid leaf browning.
Stem Borer,Several plants have sawdust near stem holes The symptoms are visible across several plants.
Leaf Curl,The leaves or stems show leaves rolling inward The crop is losing healthy foliage.
Stem Borer,The plants have started showing wilting central shoots The central shoot is dying.
Stem Borer,Recently the plants developed insect tunnels inside stems The problem is visible on the central shoots.
Downy Mildew,The crop is developing yellow areas between leaf veins Plant growth is affected.
Leaf Curl,I can see abnormally curled plant tips on the crop The crop is losing healthy foliage.
Late Blight,The plants are showing brown lesions spreading quickly The problem is visible on the leaves.
Bacterial Wilt,The farmer reports plant remaining wilted after watering The problem is becoming more noticeable.
Aphid Infestation,The affected crop has soft bodied insects under leaves The problem is becoming more noticeable.
Fusarium Wilt,Many plants in the field show slow decline of the plant The plant is losing vigor.
Late Blight,There is an increasing problem with brown lesions spreading quickly.
Damping Off,Field inspection revealed seedlings dying soon after emergence The symptoms are visible across several plants.
Whitefly Infestation,"During inspection, I found sticky leaves Leaves are becoming yellow."
Fusarium Wilt,"After checking the field, I observed brown vascular tissue The affected vascular tissue look unhealthy."
Thrips Infestation,The plants currently have brown feeding marks The affected leaves look unhealthy.
Bacterial Wilt,Several plants have whole plant losing firmness The problem is visible on the branches.
Stem Borer,Recently the plants developed holes in stems The affected main branches look unhealthy.
Thrips Infestation,Field inspection revealed leaf curling with insects Flowers are damaged.
Fungal Wilt,The farmer noticed lower leaves turning yellow yesterday The problem is visible on the stems.
Leaf Blight,The crop condition includes leaves becoming brittle The symptoms are visible across several plants.
Nutrient Deficiency,"After checking the field, I observed poor leaf development Plant growth is affected."
Aphid Infestation,The crop condition includes curled young leaves.
Fusarium Wilt,The plants currently have brown vascular tissue Plant growth is affected.
Sooty Mold,There is an increasing problem with dark fungal layer on foliage The affected leaves look unhealthy.
Leaf Blight,Several plants have drying leaf tips The problem is becoming more noticeable.
Nutrient Deficiency,"After checking the field, I observed yellow leaves Overall plant vigor is reduced."
Leaf Blight,Recently the plants developed blackish marks on leaves The problem is visible on the leaves.
Aphid Infestation,Recently the plants developed soft bodied insects under leaves Plant growth is affected.
Leaf Curl,There is an increasing problem with abnormally curled plant tips The affected new shoots are showing damage.
Powdery Mildew,Recently the plants developed white spots spreading across leaves Plant growth is affected.
Fungal Wilt,The crop is developing plant becoming weak The affected branches look unhealthy.
Downy Mildew,The crop condition includes yellowing foliage with gray growth The plant is losing vigor.
Whitefly Infestation,The plants have started showing leaf yellowing with whiteflies Plant growth is affected.
Mosaic Virus,The leaves or stems show patchy yellow patterns The affected leaves are showing damage.
Nutrient Deficiency,The crop shows pale green foliage The affected stems are showing damage.
Rust,I can see rust colored dust on the crop The affected leaves look unhealthy.
Aphid Infestation,The farmer reports soft bodied insects under leaves The plant is losing vigor.
Downy Mildew,The affected plants are showing yellow areas between leaf veins The plant is losing vigor.
Fruit Borer,There is an increasing problem with insect larvae inside fruits Plant growth is affected.
Fungal Wilt,Recently the plants developed lower leaves turning yellow The problem is becoming more noticeable.
Leaf Blight,There are clear signs of dry patches spreading The problem is visible on the leaf tips.
Fungal Wilt,The crop is developing leaves wilting gradually Plant growth is affected.
Fruit Borer,Several plants have rotting around insect holes The plant is losing vigor.
Bacterial Wilt,The farmer noticed green leaves drooping rapidly yesterday Affected plants may die suddenly.
Rust,Several plants have rusty patches on foliage The affected leaves are showing damage.
Mosaic Virus,The affected crop has mosaic markings on young leaves The problem is becoming more noticeable.
Fruit Borer,The field currently has plants with early fruit dropping The affected young fruits are showing damage.
Powdery Mildew,"After checking the field, I observed white fungal coating The problem is becoming more noticeable."
Fungal Wilt,The crop shows persistent wilting The affected roots look unhealthy.
Bacterial Wilt,I can see sudden wilting of the plant on the crop The plant becomes severely weak.
Fusarium Wilt,The farmer noticed one sided wilting yesterday Farmers are concerned about the crop condition.
Stem Borer,Recently the plants developed hollow stems Farmers are concerned about the crop condition.
Stem Borer,"During inspection, I found larvae inside stems The problem is visible on the plant stalks."
Leaf Curl,The leaves or stems show young leaves becoming curled Farmers are concerned about the crop condition.
Late Blight,"After checking the field, I observed large dark lesions on leaves Farmers are concerned about the crop condition."
Bacterial Leaf Spot,The affected plants are showing leaf spots becoming larger The plant is losing vigor.
Fusarium Wilt,The crop appears to have lower leaves becoming yellow The problem is visible on the vascular tissue.
Leaf Curl,"During inspection, I found young leaves becoming curled The affected leaf margins look unhealthy."
Bacterial Wilt,The plants have started showing stem discoloration The affected stems look unhealthy.
Fusarium Wilt,The crop is developing persistent daytime wilt Wilting continues even after irrigation.
Bacterial Leaf Spot,"After checking the field, I observed tiny dark lesions on young leaves The affected leaves look unhealthy."
Damping Off,The crop appears to have rotting seedling bases Farmers are concerned about the crop condition.
Whitefly Infestation,The field currently has plants with white insects clustered beneath foliage.
Leaf Curl,The crop is developing twisted shoots The affected young leaves are showing damage.
Rust,There is an increasing problem with reddish brown spots The affected lower foliage look unhealthy.
Powdery Mildew,The field currently has plants with powder like substance on foliage The problem is visible on the young shoots.
Damping Off,The plants have started showing soft stems near the soil Farmers are concerned about the crop condition.
Leaf Blight,The leaves or stems show leaves becoming brittle The symptoms are visible across several plants.
Nutrient Deficiency,Many plants in the field show pale green foliage The problem is visible on the young leaves.
Aphid Infestation,The farmer noticed sticky residue on stems yesterday The problem is becoming more noticeable.
Nutrient Deficiency,"After checking the field, I observed older leaves turning yellow Plant growth is affected."
Stem Borer,The plants have started showing broken stems around bore holes The affected plant loses vigor.
Leaf Curl,The main symptom is leaves curling upward Plant growth is affected.
Powdery Mildew,Recently the plants developed dusty layer on leaves New shoots are becoming affected.
Rust,There are clear signs of rusty patches on foliage Plant growth is affected.
Fruit Borer,The farmer noticed insect larvae inside fruits yesterday The problem is becoming more noticeable.
Stem Borer,Field inspection revealed wilting central shoots Plant growth is affected.
Rust,The affected crop has brown rust marks The affected leaf undersides look unhealthy.
Leaf Curl,The plants are showing young leaves becoming curled.
Root Rot,The farmer reports poor root development The problem is becoming more noticeable.
Late Blight,The plants are showing water soaked leaf patches The affected stems look unhealthy.
Root Rot,The main symptom is bad smell from roots The affected underground roots are showing damage.
Aphid Infestation,A noticeable problem is yellowing leaves The problem is visible on the young shoots.
Rust,There are clear signs of orange powder under leaves The plant is losing vigor.
Damping Off,The plants are showing weak stems in young plants The affected plant base are showing damage.
Nutrient Deficiency,The leaves or stems show pale green foliage The affected stems are showing damage.
Aphid Infestation,The field currently has plants with sticky honeydew on foliage The affected leaves look unhealthy.
Whitefly Infestation,The plants currently have whitefly nymphs on leaf undersides Sticky honeydew is appearing.
Stem Borer,I noticed wilting central shoots in the field The plant is losing vigor.
Root Rot,The affected plants are showing bad smell from roots The plant is losing vigor.
Leaf Curl,The field currently has plants with leaves curling upward The affected young leaves are showing damage.
Sooty Mold,"During inspection, I found sooty appearance on foliage Leaves receive less sunlight."
Root Rot,The plants are showing mushy root tissue The symptoms are visible across several plants.
Leaf Curl,The affected plants are showing distorted foliage The symptoms are visible across several plants.
Leaf Curl,The field currently has plants with leaves folding along the edges Plant growth is affected.
Whitefly Infestation,The field currently has plants with small white insects on plant leaves Plant growth is affected.
Bacterial Wilt,The crop shows stem discoloration Affected plants may die suddenly.
Root Rot,"After checking the field, I observed mushy root tissue Farmers are concerned about the crop condition."
Leaf Curl,There are clear signs of leaves rolling inward The affected young leaves look unhealthy.
Powdery Mildew,Several plants have white fungal patches on upper leaves The affected young shoots look unhealthy.
Late Blight,The crop is developing large dark lesions on leaves Leaves are dying quickly.
Aphid Infestation,Many plants in the field show small insects sucking plant sap Plant growth is affected.
Leaf Curl,Recently the plants developed leaves folding along the edges The problem is visible on the new shoots.
Mosaic Virus,There are clear signs of yellow green leaf markings The affected plant tips are showing damage.
Fruit Borer,There is an increasing problem with damaged young fruits Plant growth is affected.
Rust,The crop shows reddish brown spots.
Thrips Infestation,Recently the plants developed damaged flower petals The problem is becoming more noticeable.
Bacterial Leaf Spot,I can see yellow halos around leaf spots on the crop.
Mosaic Virus,The crop is developing distorted leaves The problem is visible on the leaves.
Damping Off,Several plants have seedlings dying soon after emergence.
Bacterial Leaf Spot,There is an increasing problem with tiny dark lesions on young leaves The affected young foliage look unhealthy.
Downy Mildew,Many plants in the field show pale yellow leaf lesions The affected lower leaves are showing damage.
Root Rot,The farmer reports bad smell from roots Farmers are concerned about the crop condition.
Bacterial Leaf Spot,The crop appears to have black lesions on leaves Leaf tissue is dying around the spots.
Bacterial Leaf Spot,The crop is developing dark brown spots on foliage The plant is losing vigor.
Nutrient Deficiency,There are clear signs of older leaves turning yellow The crop looks pale.
Bacterial Leaf Spot,The plants currently have wet looking lesions on foliage The affected leaf margins are showing damage.
Thrips Infestation,"After checking the field, I observed scarring on young leaves New growth is becoming distorted."
Rust,The crop is developing small orange fungal spots The problem is visible on the leaf surfaces.
Late Blight,The plants have started showing white fungal growth during humid weather Plant growth is affected.
Sooty Mold,The crop appears to have sooty appearance on foliage.
Bacterial Leaf Spot,The crop condition includes leaf spots becoming larger Farmers are concerned about the crop condition.
Powdery Mildew,I noticed white powder on leaves in the field Plant growth is affected.
Fungal Wilt,The plants are showing lower leaves turning yellow.
Downy Mildew,The crop condition includes yellow patches on leaves The affected leaf undersides are showing damage.
Sooty Mold,There is an increasing problem with dark fungal layer on foliage Plant growth is affected.
Root Rot,Many plants in the field show roots decaying near soil.
Leaf Curl,Recently the plants developed narrow distorted leaves The affected plant tips look unhealthy.
Late Blight,There are clear signs of dark spots on stems The affected leaves are showing damage.
Fruit Borer,"During inspection, I found damaged young fruits The problem is becoming more noticeable."
Fruit Borer,The main symptom is caterpillar inside the fruit The symptoms are visible across several plants.
Leaf Curl,The field currently has plants with young leaves becoming curled.
Leaf Blight,The leaves or stems show irregular brown lesions The plant is losing vigor.
Sooty Mold,There is an increasing problem with sooty appearance on foliage The coating is spreading.
Fusarium Wilt,The farmer reports one sided wilting.
Late Blight,Many plants in the field show rapid leaf browning Farmers are concerned about the crop condition.
Damping Off,I noticed young seedlings suddenly dying in the field The problem is visible on the young stems.
Leaf Blight,The farmer noticed dark lesions on foliage yesterday The crop looks unhealthy.
Root Rot,The crop is developing dark damaged roots Farmers are concerned about the crop condition.
Late Blight,The plants are showing rotting leaves The affected lower foliage look unhealthy.
Nutrient Deficiency,The affected crop has young leaves remaining pale Plant growth is affected.
Stem Borer,The crop condition includes larvae inside stems Farmers are concerned about the crop condition.
Fruit Borer,I noticed damaged young fruits in the field The affected fruits look unhealthy.
Whitefly Infestation,I can see cloud of white insects on the crop The problem is visible on the stems.
Root Rot,There are clear signs of soft rotten roots The problem is becoming more noticeable.
Fusarium Wilt,There is an increasing problem with slow decline of the plant The problem is visible on the stems.
Powdery Mildew,I can see white fungal patches on upper leaves on the crop The affected upper foliage are showing damage.
Root Rot,There is an increasing problem with dark damaged roots The crop is losing vigor.
Bacterial Leaf Spot,The farmer noticed leaf spots becoming larger yesterday The symptoms are visible across several plants.
Fruit Borer,The crop shows webbing near fruit holes The plant is losing vigor.
Rust,Many plants in the field show rust colored pustules Plant growth is affected.
Mosaic Virus,A noticeable problem is mosaic markings on young leaves The crop has uneven coloration.
Stem Borer,The plants are showing insect tunnels inside stems The plant is losing vigor.
Bacterial Wilt,There are clear signs of plant remaining wilted after watering The plant is losing vigor.
Bacterial Wilt,The leaves or stems show rapid plant collapse The problem is visible on the whole plant.
Stem Borer,I can see frass coming from stem openings on the crop The plant is losing vigor.
Damping Off,The leaves or stems show young plants falling over Farmers are concerned about the crop condition.
Root Rot,The crop is developing plant wilting despite watering The symptoms are visible across several plants.
Leaf Curl,The farmer noticed leaves rolling inward yesterday The affected young leaves are showing damage.
Root Rot,The farmer reports roots turning brown The plant is losing vigor.
Aphid Infestation,The farmer reports curled young leaves The affected young shoots look unhealthy.
Fruit Borer,A noticeable problem is rotting around insect holes The affected fruit surface are showing damage.
Bacterial Wilt,Field inspection revealed vascular discoloration inside stems The plant is losing vigor.
Nutrient Deficiency,The farmer reports uniform leaf discoloration The problem is visible on the older foliage.
Leaf Blight,There are clear signs of leaf edges turning brown Farmers are concerned about the crop condition.
Late Blight,The crop appears to have rotting leaves The problem is visible on the fruits.
Nutrient Deficiency,There is an increasing problem with young leaves remaining pale The affected leaves are showing damage.
Stem Borer,A noticeable problem is wilting central shoots The affected main branches are showing damage.
Stem Borer,There is an increasing problem with larvae inside stems Branches may break easily.
Sooty Mold,The affected plants are showing gray black film on leaves The problem is visible on the plant surfaces.
Powdery Mildew,The affected plants are showing powdery patches on foliage The plant is losing vigor.
Rust,The plants have started showing brown rust marks Rust spots are spreading.
Sooty Mold,Field inspection revealed black patches on leaf surfaces Farmers are concerned about the crop condition.
Fusarium Wilt,Many plants in the field show gradual plant wilting.
Thrips Infestation,The crop shows distorted new growth The affected leaves look unhealthy.
Fusarium Wilt,Recently the plants developed gradual plant wilting Older leaves begin to die.
Rust,Several plants have rust colored pustules The problem is becoming more noticeable.
Fungal Wilt,I can see plant becoming weak on the crop.
Damping Off,The leaves or stems show seedlings collapsing Farmers are concerned about the crop condition.
Aphid Infestation,The plants currently have small green insects on young leaves The plant is losing vigor.
Thrips Infestation,Several plants have black specks on leaves Leaf surfaces have scars.
Nutrient Deficiency,"During inspection, I found pale green foliage Farmers are concerned about the crop condition."
Fruit Borer,The crop shows rotting around insect holes The affected young fruits are showing damage.
Mosaic Virus,The crop is developing mosaic pattern on leaves The affected new shoots are showing damage.
Fruit Borer,The plants currently have damaged young fruits The problem is visible on the fruits.
Mosaic Virus,The main symptom is mottled foliage Farmers are concerned about the crop condition.
Root Rot,"After checking the field, I observed dark damaged roots The plant is losing vigor."
Fusarium Wilt,Several plants have gradual plant wilting.
Leaf Curl,There are clear signs of new growth becoming twisted The affected young leaves are showing damage.
Bacterial Leaf Spot,The affected crop has leaf spots becoming larger The plant is losing vigor.
Leaf Curl,The farmer noticed curled leaf margins yesterday The plant is losing vigor.
Sooty Mold,I noticed sticky leaves covered with dark mold in the field.
Stem Borer,The farmer noticed insect tunnels inside stems yesterday The plant is losing vigor.
Nutrient Deficiency,The main symptom is yellowing between leaf veins The symptoms are visible across several plants.
Fungal Wilt,The crop is developing plant becoming weak Affected branches are dying.
Root Rot,The plants are showing black roots The plant cannot absorb enough water.
Leaf Curl,The farmer reports abnormally curled plant tips Plant growth is affected.
Damping Off,The plants have started showing rotting seedling bases The affected seedling roots are showing damage.
Bacterial Wilt,I noticed sudden wilting of the plant in the field The symptoms are visible across several plants.
Thrips Infestation,The plants currently have scarring on young leaves The plant is losing vigor.
Bacterial Wilt,The main symptom is vascular discoloration inside stems Plant growth is affected.
Fusarium Wilt,The plants have started showing yellowing of older leaves.
Downy Mildew,The farmer reports pale yellow leaf lesions The problem is visible on the leaf undersides.
Fusarium Wilt,I noticed lower leaves becoming yellow in the field Plant growth is affected.
Bacterial Wilt,The farmer reports wilting during the daytime The affected whole plant look unhealthy.
Aphid Infestation,The plants currently have distorted new growth Plant growth is affected.
Whitefly Infestation,There is an increasing problem with whitefly nymphs on leaf undersides The affected leaf undersides look unhealthy.
Downy Mildew,The plants currently have moist fungal growth Plant growth is slowing.
Sooty Mold,The crop is developing gray black film on leaves.
Bacterial Wilt,The crop condition includes whole plant losing firmness Farmers are concerned about the crop condition.
Fruit Borer,The plants currently have rotting around insect holes The affected fruit surface are showing damage.
Rust,The farmer noticed orange spots on leaves yesterday Farmers are concerned about the crop condition.
Fungal Wilt,I can see leaves wilting gradually on the crop The symptoms are visible across several plants.
Fusarium Wilt,Recently the plants developed lower leaves becoming yellow The affected lower leaves look unhealthy.
Bacterial Leaf Spot,The plants have started showing irregular spots spreading across leaves The plant is losing vigor.
Powdery Mildew,There are clear signs of flour like growth on leaves New shoots are becoming affected.
Fungal Wilt,Several plants have leaves wilting gradually Plant growth is affected.
Bacterial Leaf Spot,I noticed leaf spots becoming larger in the field The problem is visible on the leaves.
Late Blight,"During inspection, I found dark patches with pale edges Farmers are concerned about the crop condition."
Mosaic Virus,I can see patchy yellow patterns on the crop The symptoms are visible across several plants.
Root Rot,I can see roots decaying near soil on the crop The affected root tips look unhealthy.
Bacterial Wilt,Several plants have branches becoming limp Affected plants may die suddenly.
Leaf Curl,The crop shows leaves folding along the edges The problem is becoming more noticeable.
Thrips Infestation,The plants are showing tiny insects on flowers.
Fruit Borer,The crop shows damaged young fruits Farmers are concerned about the crop condition.
Bacterial Leaf Spot,Several plants have brown patches surrounded by yellow tissue The problem is visible on the young foliage.
Fruit Borer,Several plants have fruit pulp being eaten The plant is losing vigor.
Nutrient Deficiency,The field currently has plants with slow plant growth The affected older foliage are showing damage.
Aphid Infestation,Several plants have curled young leaves The symptoms are visible across several plants.
Fusarium Wilt,The leaves or stems show lower leaves becoming yellow The plant is losing vigor.
Whitefly Infestation,The crop is developing leaf yellowing with whiteflies The plant is losing vigor.
Sooty Mold,The affected plants are showing dark coating around honeydew Plant growth is affected.
Fungal Wilt,The farmer noticed brown discoloration inside stems yesterday The affected roots look unhealthy.
Damping Off,The affected crop has seedlings collapsing The seedlings cannot stand upright.
Sooty Mold,The field currently has plants with black soot like material The problem is visible on the leaves.
Late Blight,I noticed white fungal growth during humid weather in the field The plant is losing vigor.
Damping Off,A noticeable problem is young seedlings suddenly dying Farmers are concerned about the crop condition.
Nutrient Deficiency,I can see weak stems on the crop The plant is losing vigor.
Leaf Curl,The crop condition includes young leaves becoming curled The problem is visible on the leaf margins.
Sooty Mold,I can see black soot like material on the crop Plant growth is affected.
Powdery Mildew,The crop condition includes powdery patches on foliage The problem is becoming more noticeable.
Powdery Mildew,The plants are showing flour like growth on leaves The affected leaves are showing damage.
Mosaic Virus,The crop shows mottled foliage The plant is losing vigor.
Fusarium Wilt,Many plants in the field show gradual plant wilting The problem is visible on the lower leaves.
Root Rot,The crop appears to have black roots The plant is losing vigor.
Damping Off,"After checking the field, I observed rotting seedling bases The affected plant base are showing damage."
Powdery Mildew,"During inspection, I found powdery patches on foliage The affected upper foliage are showing damage."
Root Rot,The field currently has plants with dark damaged roots The problem is becoming more noticeable.
Nutrient Deficiency,Many plants in the field show pale green foliage The problem is visible on the leaves.
Fruit Borer,I noticed insect larvae inside fruits in the field The symptoms are visible across several plants.
Rust,The leaves or stems show yellow orange pustules.
Nutrient Deficiency,The crop is developing weak stems Leaf development is poor.
Bacterial Leaf Spot,The crop is developing tiny dark lesions on young leaves The plant is losing vigor.
Downy Mildew,The affected plants are showing yellow areas between leaf veins Leaves are losing their healthy appearance.
Leaf Curl,The crop appears to have young leaves becoming curled The affected new shoots look unhealthy.
Bacterial Wilt,The crop is developing sudden wilting of the plant The plant is losing vigor.
Root Rot,There are clear signs of dark damaged roots Plant growth is affected.
Late Blight,There is an increasing problem with blackened foliage.
Powdery Mildew,The crop condition includes powder like substance on foliage Plant growth is affected.
Fruit Borer,The affected crop has frass near fruit openings The problem is becoming more noticeable.
Bacterial Leaf Spot,There are clear signs of brown patches surrounded by yellow tissue The problem is becoming more noticeable.
Leaf Blight,There is an increasing problem with blackish marks on leaves The problem is becoming more noticeable.
Late Blight,I can see water soaked leaf patches on the crop The disease is spreading rapidly.
Damping Off,The field currently has plants with water soaked seedling stems The affected young stems look unhealthy.
Powdery Mildew,The affected crop has white fungal patches on upper leaves The affected young shoots look unhealthy.
Fusarium Wilt,I can see one sided wilting on the crop The problem is visible on the whole plant.
Fruit Borer,Recently the plants developed dark entry holes Plant growth is affected.
Fruit Borer,Many plants in the field show fruit pulp being eaten The plant is losing vigor.
Mosaic Virus,There is an increasing problem with yellow green leaf markings The plant is losing vigor.
Bacterial Leaf Spot,The main symptom is black lesions on leaves The affected young foliage are showing damage.
Late Blight,The farmer reports water soaked leaf patches The affected fruits are showing damage.
Nutrient Deficiency,The plants currently have young leaves remaining pale Plants remain smaller than normal.
Root Rot,The plants currently have mushy root tissue The problem is visible on the roots.
Thrips Infestation,There is an increasing problem with damaged flower petals The problem is visible on the flowers.
Fruit Borer,The crop appears to have insect larvae inside fruits Affected fruits are rotting.
Fusarium Wilt,The affected plants are showing slow decline of the plant The symptoms are visible across several plants.
Nutrient Deficiency,There is an increasing problem with poor leaf development The symptoms are visible across several plants.
Downy Mildew,I can see irregular pale patches on the crop The plant is losing vigor.
Mosaic Virus,Field inspection revealed mosaic pattern on leaves Plant growth is stunted.
Nutrient Deficiency,The main symptom is pale green foliage Plant growth is affected.
Bacterial Wilt,The crop condition includes whole plant losing firmness Affected plants may die suddenly.
Downy Mildew,The leaves or stems show irregular pale patches The plant is losing vigor.
Stem Borer,The leaves or stems show larvae inside stems The problem is visible on the plant stalks.
Stem Borer,The affected crop has dead central shoot The problem is becoming more noticeable.
Fungal Wilt,The main symptom is slow plant decline The affected roots look unhealthy.
Bacterial Wilt,Field inspection revealed rapid plant collapse The plant is losing vigor.
Damping Off,There are clear signs of brown tissue around seedling bases The symptoms are visible across several plants.
Aphid Infestation,The plants are showing soft bodied insects under leaves The affected young shoots look unhealthy.
Downy Mildew,Field inspection revealed pale yellow leaf lesions Farmers are concerned about the crop condition.
Aphid Infestation,The affected crop has distorted new growth The affected leaves look unhealthy.
Sooty Mold,The plants are showing black soot like material The symptoms are visible across several plants.
Powdery Mildew,There is an increasing problem with white fungal coating The problem is becoming more noticeable.
Bacterial Wilt,The crop condition includes wilting during the daytime The crop is losing vigor.
Whitefly Infestation,The main symptom is white insects under leaves The problem is visible on the young foliage.
Downy Mildew,The plants have started showing yellow areas between leaf veins The problem is visible on the young foliage.
Leaf Curl,"During inspection, I found leaves curling upward."
Mosaic Virus,The plants currently have yellow green leaf markings.
Nutrient Deficiency,The crop is developing weak stems The symptoms are visible across several plants.
Fusarium Wilt,The farmer reports persistent daytime wilt Older leaves begin to die.
Leaf Curl,The plants have started showing leaves folding along the edges Plant growth is affected.
Fungal Wilt,The affected crop has stem tissue becoming brown Farmers are concerned about the crop condition.
Thrips Infestation,Many plants in the field show distorted new growth The affected young shoots are showing damage.
Leaf Curl,The crop shows distorted foliage Plant growth is affected.
Mosaic Virus,There are clear signs of patchy yellow patterns New leaves are distorted.
Bacterial Wilt,Recently the plants developed rapid plant collapse The affected stems are showing damage.
Whitefly Infestation,The crop appears to have leaf yellowing with whiteflies.
Leaf Curl,The field currently has plants with new growth becoming twisted.
Powdery Mildew,Recently the plants developed powder like substance on foliage The plant is losing vigor.
Fungal Wilt,The affected crop has brown discoloration inside stems The problem is visible on the branches.
Sooty Mold,I noticed black growth on stems in the field Farmers are concerned about the crop condition.
Thrips Infestation,A noticeable problem is silvery patches on foliage The problem is visible on the flowers.
Leaf Curl,The leaves or stems show new growth becoming twisted Plant development is slowing.
Aphid Infestation,The field currently has plants with small green insects on young leaves The plant is losing vigor.
Fungal Wilt,The field currently has plants with stem tissue becoming brown.
Fruit Borer,"After checking the field, I observed dark entry holes Plant growth is affected."
Aphid Infestation,A noticeable problem is ants around the plant Plant growth is affected.
Powdery Mildew,The main symptom is powdery patches on foliage The white coating is spreading.
Late Blight,The farmer noticed brown lesions spreading quickly yesterday Farmers are concerned about the crop condition.
Damping Off,The farmer reports water soaked seedling stems.
Mosaic Virus,A noticeable problem is mottled foliage The affected plant tips are showing damage.
Fusarium Wilt,I can see one sided wilting on the crop The affected stems are showing damage.
Whitefly Infestation,The affected crop has tiny white insects flying around leaves The symptoms are visible across several plants.
Leaf Curl,The main symptom is curled leaf margins The problem is becoming more noticeable.
Bacterial Wilt,There are clear signs of stem discoloration The affected whole plant are showing damage.
Bacterial Leaf Spot,The field currently has plants with small water soaked spots on leaves The plant is losing vigor.
Aphid Infestation,I can see distorted new growth on the crop The problem is becoming more noticeable.
Thrips Infestation,The leaves or stems show black specks on leaves Plant growth is affected.
Stem Borer,There are clear signs of wilting central shoots The problem is becoming more noticeable.
Fruit Borer,Recently the plants developed frass near fruit openings The plant is losing vigor.
Mosaic Virus,The affected plants are showing light and dark green patches The problem is visible on the leaves.
Bacterial Leaf Spot,The main symptom is brown patches surrounded by yellow tissue The affected lower leaves are showing damage.
Damping Off,There is an increasing problem with rotting seedling bases The affected seedlings are showing damage.
Whitefly Infestation,The crop is developing small white flies rising when disturbed The affected young foliage are showing damage.
Downy Mildew,The plants have started showing yellow areas between leaf veins Yellow patches are spreading.
Mosaic Virus,The main symptom is irregular leaf discoloration The problem is becoming more noticeable.
Bacterial Wilt,Field inspection revealed stem discoloration.
Aphid Infestation,The plants currently have yellowing leaves The problem is becoming more noticeable.
Bacterial Wilt,The affected plants are showing sudden wilting of the plant.
Fungal Wilt,The crop shows one side of the plant wilting Plant growth is affected.
Sooty Mold,The main symptom is sooty appearance on foliage.
Leaf Blight,The farmer noticed dark lesions on foliage yesterday Farmers are concerned about the crop condition.
Mosaic Virus,A noticeable problem is light and dark green patches Plant growth is affected.
Aphid Infestation,The crop is developing distorted new growth Farmers are concerned about the crop condition.
Damping Off,The leaves or stems show seedlings dying soon after emergence The affected young stems are showing damage.
Root Rot,"During inspection, I found roots turning brown Plant growth is affected."
Nutrient Deficiency,The plants are showing stunted plants The symptoms are visible across several plants.
Whitefly Infestation,The plants are showing small white flies rising when disturbed The plant is losing vigor.
Whitefly Infestation,The main symptom is sticky leaves The affected leaves are showing damage.
Bacterial Wilt,The plants are showing rapid plant collapse Plant growth is affected.
Thrips Infestation,The crop shows scarring on young leaves Plant growth is affected.
Whitefly Infestation,The leaves or stems show sticky leaves.
Downy Mildew,The plants are showing yellow patches on leaves.
Rust,The affected plants are showing brown rust marks Foliage is losing its healthy appearance.
Rust,There are clear signs of rust colored pustules The plant is losing vigor.
Bacterial Wilt,The farmer reports leaves wilting without obvious dryness The crop is losing vigor.
Powdery Mildew,The field currently has plants with white powder on leaves.
Sooty Mold,The crop is developing gray black film on leaves Farmers are concerned about the crop condition.
Sooty Mold,I noticed black coating on leaves in the field Farmers are concerned about the crop condition.
Whitefly Infestation,"After checking the field, I observed sticky leaves The problem is visible on the leaves."
Mosaic Virus,The farmer noticed mottled foliage yesterday Plant growth is affected.
Mosaic Virus,There are clear signs of light and dark green patches The affected plant tips look unhealthy.
Stem Borer,Many plants in the field show insect tunnels inside stems The affected main branches are showing damage.
Leaf Curl,There are clear signs of leaves folding along the edges The symptoms are visible across several plants.
Whitefly Infestation,The crop appears to have leaf yellowing with whiteflies The affected leaf undersides are showing damage.
Whitefly Infestation,"After checking the field, I observed whitefly nymphs on leaf undersides The plant is losing vigor."
Leaf Curl,The crop is developing distorted foliage Farmers are concerned about the crop condition.
Sooty Mold,Field inspection revealed sticky leaves covered with dark mold The affected upper foliage are showing damage.
Sooty Mold,The crop shows sticky leaves covered with dark mold The problem is becoming more noticeable.
Leaf Curl,The plants currently have narrow distorted leaves The symptoms are visible across several plants.
Sooty Mold,I noticed sticky leaves covered with dark mold in the field Farmers are concerned about the crop condition.
Mosaic Virus,There are clear signs of uneven green coloration Farmers are concerned about the crop condition.
Late Blight,The crop appears to have large dark lesions on leaves Plant growth is affected.
Aphid Infestation,Several plants have small green insects on young leaves The symptoms are visible across several plants.
Root Rot,The main symptom is dark damaged roots The symptoms are visible across several plants.
Sooty Mold,Field inspection revealed dark mold covering plant surfaces The affected stems look unhealthy.
Late Blight,The field currently has plants with white fungal growth during humid weather Fruit quality is decreasing.
Damping Off,"After checking the field, I observed weak stems in young plants."
Mosaic Virus,The farmer reports vein clearing Plant growth is affected.
Whitefly Infestation,The main symptom is sticky leaves The symptoms are visible across several plants.
Stem Borer,The farmer noticed holes in stems yesterday The problem is visible on the central shoots.
Thrips Infestation,"After checking the field, I observed leaf curling with insects The plant is losing vigor."
Root Rot,The main symptom is mushy root tissue.
Bacterial Leaf Spot,A noticeable problem is irregular spots spreading across leaves The affected leaves look unhealthy.
Fungal Wilt,The crop condition includes yellowing foliage Wilting is becoming more severe.
Bacterial Wilt,The farmer reports green leaves drooping rapidly Affected plants may die suddenly.
Bacterial Wilt,The farmer reports vascular discoloration inside stems.
Mosaic Virus,I noticed mosaic markings on young leaves in the field The plant is losing vigor.
Fungal Wilt,The farmer noticed brown discoloration inside stems yesterday.
Whitefly Infestation,I can see sticky honeydew from insects on the crop The problem is visible on the leaf undersides.
Root Rot,The leaves or stems show plant wilting despite watering The plant is losing vigor.
Powdery Mildew,The affected crop has white growth on stems The affected leaves look unhealthy.
Leaf Blight,The plants are showing leaves becoming brittle.
Fusarium Wilt,"After checking the field, I observed slow decline of the plant The symptoms are visible across several plants."
Damping Off,"During inspection, I found water soaked seedling stems The nursery has many collapsed seedlings."
Nutrient Deficiency,"After checking the field, I observed stunted plants."
Sooty Mold,Recently the plants developed sooty appearance on foliage Affected leaves have reduced photosynthesis.
Bacterial Leaf Spot,The farmer reports dark brown spots on foliage Farmers are concerned about the crop condition.
Whitefly Infestation,"After checking the field, I observed sticky honeydew from insects The affected leaves look unhealthy."
Root Rot,The plants have started showing soft rotten roots The symptoms are visible across several plants.
Fruit Borer,The plants are showing webbing near fruit holes The affected fruit pulp are showing damage.
Leaf Blight,The plants have started showing large brown patches Infected foliage is becoming brittle.
Mosaic Virus,The main symptom is distorted leaves The crop has uneven coloration.
Mosaic Virus,The crop condition includes light and dark green patches The plant is losing vigor.
Nutrient Deficiency,Field inspection revealed yellow leaves The problem is visible on the older foliage.
Aphid Infestation,Field inspection revealed sticky honeydew on foliage The affected buds look unhealthy.
Downy Mildew,The plants have started showing gray fungal growth under leaves Farmers are concerned about the crop condition.
Leaf Curl,The field currently has plants with twisted shoots The crop is losing healthy foliage.
Thrips Infestation,There are clear signs of damaged flower petals The plant is losing vigor.
Powdery Mildew,There is an increasing problem with powder like substance on foliage The affected young shoots are showing damage.
Powdery Mildew,The crop is developing white fungal patches on upper leaves Plant growth is affected.
Leaf Curl,Field inspection revealed leaves curling upward The plant is losing vigor.
Bacterial Wilt,The main symptom is green leaves drooping rapidly The problem is visible on the whole plant.
Bacterial Leaf Spot,Several plants have irregular spots spreading across leaves The affected lower leaves are showing damage.
Bacterial Wilt,The plants have started showing leaves wilting without obvious dryness The plant is losing vigor.
Bacterial Wilt,Recently the plants developed rapid plant collapse.
Aphid Infestation,The leaves or stems show small insects sucking plant sap Plant growth is affected.
Fusarium Wilt,The leaves or stems show yellowing of older leaves.
Leaf Blight,The leaves or stems show large brown patches The problem is becoming more noticeable.
Powdery Mildew,The crop appears to have white growth on stems The problem is becoming more noticeable.
Nutrient Deficiency,The farmer reports older leaves turning yellow The symptoms are visible across several plants.
Fruit Borer,Many plants in the field show caterpillar inside the fruit Plant growth is affected.
Fusarium Wilt,The affected plants are showing yellowing of older leaves Plant growth is affected.
Powdery Mildew,Several plants have dusty layer on leaves The affected young shoots are showing damage.
Sooty Mold,The farmer reports black coating on leaves The problem is visible on the upper foliage.
Stem Borer,There are clear signs of broken stems around bore holes The affected main branches look unhealthy.
Leaf Blight,The plants currently have dead tissue on foliage Plant growth is affected.
Rust,I can see orange powder under leaves on the crop The affected leaf undersides are showing damage.
Bacterial Leaf Spot,The crop shows leaf spots becoming larger The affected lower leaves look unhealthy.
Powdery Mildew,"During inspection, I found white fungal coating The problem is visible on the leaves."
Powdery Mildew,The plants have started showing powdery patches on foliage The problem is visible on the leaves.
Sooty Mold,There are clear signs of sticky leaves covered with dark mold The affected plant surfaces look unhealthy.
Root Rot,The plants currently have roots turning brown Plant growth is affected.
Rust,Many plants in the field show rust colored pustules The affected leaf undersides look unhealthy.
Fusarium Wilt,Field inspection revealed brown streaks inside stems The affected vascular tissue look unhealthy.
Rust,The main symptom is orange powder under leaves Farmers are concerned about the crop condition.
Powdery Mildew,I can see white powder on leaves on the crop The affected young shoots look unhealthy.
Damping Off,A noticeable problem is seedlings collapsing The plant is losing vigor.
Whitefly Infestation,Field inspection revealed sticky leaves The affected young foliage look unhealthy.
Nutrient Deficiency,There is an increasing problem with weak stems Farmers are concerned about the crop condition.
Root Rot,The plants currently have roots decaying near soil.
Fungal Wilt,The affected plants are showing drooping leaves The plant is losing vigor.
Leaf Curl,There are clear signs of leaves rolling inward The problem is becoming more noticeable.
Late Blight,The field currently has plants with large dark lesions on leaves Farmers are concerned about the crop condition.
Downy Mildew,The affected crop has fuzzy growth beneath foliage The plant is losing vigor.
Bacterial Wilt,Field inspection revealed plant remaining wilted after watering The problem is becoming more noticeable.
Aphid Infestation,The plants are showing curled young leaves The plant is losing vigor.
Fruit Borer,The affected crop has caterpillar inside the fruit The affected fruit surface are showing damage.
Late Blight,The crop condition includes dark spots on stems The symptoms are visible across several plants.
Root Rot,"After checking the field, I observed plant easily pulling from soil The symptoms are visible across several plants."
Nutrient Deficiency,"After checking the field, I observed young leaves remaining pale Plant growth is affected."
Damping Off,The plants currently have weak stems in young plants The problem is visible on the plant base.
Whitefly Infestation,The plants have started showing small white flies rising when disturbed The affected stems look unhealthy.
Late Blight,The crop appears to have brown lesions after wet weather The crop is losing foliage.
Nutrient Deficiency,The main symptom is poor leaf development.
